,latitude,longitude,price,water,wc,grey_water
0,39.06956,-0.4098,Free,yes,yes,yes
1,42.64159,-8.89696,Free,yes,yes,unknown
2,42.90715,0.35921,Paying,yes,no,yes
3,38.39479,-0.41007,Paying,yes,yes,unknown
4,43.37179,-8.44443,Free,yes,yes,unknown
5,40.72556,0.72158,Free,yes,no,unknown
6,41.81417,2.52043,Free,yes,no,unknown
7,39.75402,9.6713,Paying,yes,yes,unknown
8,41.78121,1.27773,Free,yes,yes,unknown
9,51.28586,4.50299,Free,yes,no,unknown
10,41.67803,1.28364,Free,yes,no,unknown
11,47.065,0.31783,Free,yes,yes,unknown
12,45.05802,1.65895,Paying,yes,yes,unknown
13,44.77714,1.00682,Free,yes,no,unknown
14,45.05397,1.58078,Free,yes,no,unknown
15,51.04677,13.74581,Paying,yes,no,unknown
16,68.30725,13.65136,Paying,yes,no,unknown
17,41.17643,1.32661,Free,yes,yes,unknown
18,41.12671,0.73375,Free,yes,yes,unknown
19,47.72945,10.31922,Paying,yes,no,unknown
20,52.45926,13.58558,Paying,yes,yes,unknown
21,41.41435,1.1727,Paying,yes,yes,unknown
22,42.2381,0.96624,Free,yes,no,unknown
23,59.04898,10.03346,Paying,yes,yes,unknown
24,43.03665,-2.33781,Free,yes,yes,unknown
25,49.4851,-1.37337,Free,yes,no,unknown
26,41.92158,2.32174,Free,yes,yes,unknown
27,41.62198,2.68943,Paying,unknown,no,unknown
28,41.88505,12.38906,Paying,yes,yes,unknown
29,43.44705,-3.72811,Paying,yes,yes,unknown
30,44.15179,1.75121,Free,yes,no,unknown
31,48.64347,-1.99403,Paying,yes,no,unknown
32,42.82247,0.32309,Paying,yes,yes,unknown
33,42.23567,2.28421,Free,yes,yes,yes
34,43.68666,5.7117,Free,yes,no,unknown
35,41.80704,2.74448,Free,yes,no,unknown
36,45.6263,7.06263,Free,yes,no,unknown
37,45.59389,7.20708,Paying,yes,no,unknown
38,46.77409,5.52248,Free,yes,yes,unknown
39,37.59001,-4.08879,Free,yes,no,unknown
40,54.31272,13.09759,Paying,no,yes,unknown
41,43.96318,6.66433,Free,yes,no,unknown
42,45.58797,3.11329,Free,yes,no,yes
43,41.39847,1.10464,Free,yes,unknown,yes
44,44.72299,3.85396,Free,yes,yes,yes
45,41.16679,1.45677,Paying,yes,no,yes
46,42.76222,-8.25611,Free,yes,no,yes
47,42.44155,-7.79195,Free,yes,yes,yes
48,42.38907,-7.11513,Free,yes,no,unknown
49,50.76145,6.10291,Paying,yes,yes,yes
50,37.15425,-2.77737,Free,yes,yes,yes
51,42.75889,-8.02111,Free,yes,no,yes
52,41.84743,-1.93007,Free,yes,yes,yes
53,42.7863,-4.25724,Free,yes,no,unknown
54,43.56522,4.19645,Paying,yes,no,unknown
55,38.03745,-5.71036,Free,yes,no,yes
56,41.12133,-0.50825,Free,yes,no,yes
57,39.38959,-3.21934,Free,yes,no,yes
58,41.26326,1.1729,Paying,yes,no,yes
59,62.47643,6.15842,Paying,yes,no,yes
60,41.43594,-1.23827,Free,yes,no,yes
61,48.22077,11.62534,Paying,yes,yes,unknown
62,36.69709,-2.79397,Paying,yes,yes,yes
63,50.74863,9.27856,Paying,yes,no,yes
64,69.98899,23.48611,Free,yes,yes,yes
65,45.78528,8.44087,Free,yes,no,yes
66,49.24773,6.13846,Free,yes,yes,yes
67,44.74496,-1.11095,Paying,yes,yes,yes
68,40.98399,-0.44725,Free,yes,no,yes
69,37.0213,-4.57154,Free,yes,no,yes
70,43.5595,12.42003,Free,yes,no,unknown
71,41.67026,-3.69273,Free,yes,no,unknown
72,43.47195,11.88764,Paying,yes,yes,unknown
73,42.17361,-1.59155,Free,yes,no,yes
74,42.21404,-2.23987,Free,yes,yes,unknown
75,50.29442,2.78836,Free,yes,no,yes
76,49.33906,-0.6258,Free,yes,yes,yes
77,42.58921,-2.0957,Free,yes,no,yes
78,42.87507,-0.39439,Free,yes,unknown,yes
79,42.08722,-8.41389,Free,yes,unknown,yes
80,42.81034,-7.10733,Free,yes,no,yes
81,41.18698,0.56835,Free,yes,no,unknown
82,42.45136,-6.06599,Free,yes,no,unknown
83,43.63736,0.58601,Paying,yes,yes,unknown
84,47.66396,-2.97342,Free,yes,no,yes
85,45.0518,6.07838,Free,yes,no,yes
86,46.95545,4.3163,Free,yes,yes,yes
87,45.07324,7.39034,Free,yes,no,yes
88,47.21286,0.17715,Paying,yes,no,yes
89,42.65421,-2.0455,Free,yes,no,yes
90,50.31196,9.79737,Paying,yes,no,yes
91,38.88471,-6.97873,Free,yes,yes,yes
92,48.78174,8.20428,Paying,yes,no,yes
93,37.99629,-3.45957,Free,yes,no,yes
94,43.0733,0.15366,Free,yes,no,unknown
95,45.97138,6.0312,Paying,yes,no,unknown
96,46.22619,14.70403,Free,yes,no,yes
97,49.88608,10.90295,Paying,yes,no,yes
98,43.33976,-8.35468,Free,yes,no,yes
99,47.67176,12.01018,Paying,yes,unknown,yes
100,47.01776,4.83685,Free,yes,no,yes
101,42.85283,-7.15322,Free,yes,no,yes
102,44.12493,5.17239,Paying,yes,yes,yes
103,46.20135,9.01748,Paying,yes,no,yes
104,46.13766,12.2141,Paying,yes,yes,yes
105,41.24624,1.56985,Paying,yes,yes,yes
106,39.70905,-1.10108,Free,yes,no,yes
107,43.1034,-2.42424,Free,yes,no,yes
108,44.87108,0.50389,Free,yes,no,unknown
109,43.4233,-2.72611,Free,yes,no,unknown
110,44.36954,-0.24272,Paying,yes,no,yes
111,42.84038,-1.6652,Free,yes,no,yes
112,39.57951,-0.44537,Paying,yes,yes,unknown
113,43.4659,-1.57174,Paying,yes,no,yes
114,39.13286,-0.79065,Paying,yes,yes,unknown
115,49.96882,7.94462,Paying,yes,no,yes
116,44.45887,-1.24529,Paying,yes,no,unknown
117,50.0537,11.7935,Free,yes,yes,yes
118,43.42094,-6.8145,Free,yes,no,yes
119,42.87276,-5.32588,Free,yes,no,unknown
120,44.17784,0.66167,Free,yes,no,yes
121,48.68872,8.1292,Paying,yes,no,unknown
122,46.47317,11.33717,Paying,yes,no,yes
123,45.39896,2.49721,Free,yes,no,yes
124,50.74415,1.59751,Paying,yes,unknown,yes
125,47.07638,2.39861,Free,yes,yes,unknown
126,43.17786,0.97461,Free,yes,no,yes
127,44.48413,1.644,Paying,yes,yes,unknown
128,46.33312,13.53951,Paying,yes,no,unknown
129,41.80398,-6.74596,Free,yes,yes,unknown
130,45.3791,0.64585,Free,unknown,unknown,unknown
131,45.36042,0.64791,Paying,yes,no,unknown
132,45.92608,7.62047,Paying,yes,no,yes
133,44.00515,2.69351,Free,yes,yes,yes
134,45.33291,-0.04577,Free,yes,no,yes
135,40.36809,-2.76267,Paying,yes,yes,yes
136,39.40275,8.40184,Paying,yes,no,yes
137,43.6532,-7.35838,Free,yes,no,unknown
138,42.35139,-3.68056,Free,yes,no,yes
139,36.81611,-2.14961,Paying,yes,yes,yes
140,44.44022,1.4409,Free,yes,no,unknown
141,41.73494,1.51397,Free,yes,no,unknown
142,41.35056,-1.64679,Free,yes,no,yes
143,48.2741,-4.60858,Paying,yes,no,unknown
144,43.01819,0.17829,Free,yes,yes,unknown
145,46.09956,14.51606,Paying,yes,yes,unknown
146,38.93856,-0.1527,Paying,yes,yes,yes
147,44.568,2.58947,Free,yes,yes,yes
148,43.58487,-5.77208,Free,yes,no,yes
149,43.3526,-5.12553,Free,yes,no,unknown
150,42.25536,-8.79764,Free,yes,no,yes
151,40.52591,-0.40742,Free,yes,no,yes
152,43.63606,-1.44719,Paying,yes,yes,yes
153,41.33796,-1.23041,Free,yes,no,yes
154,43.73358,-7.87437,Free,yes,no,yes
155,47.58462,-3.08237,Free,yes,yes,yes
156,42.84105,-9.09585,Free,yes,no,yes
157,42.33812,-4.608,Free,yes,no,unknown
158,43.47287,-0.93416,Paying,yes,no,yes
159,37.61503,-1.00549,Paying,yes,yes,yes
160,45.18262,-0.5835,Free,yes,no,yes
161,42.54583,-2.91472,Free,yes,no,yes
162,44.63341,8.73269,Free,yes,no,yes
163,44.31055,0.07896,Free,unknown,unknown,unknown
164,43.84601,6.5165,Paying,yes,no,unknown
165,36.28332,-5.42141,Free,yes,no,yes
166,42.99998,1.34027,Free,yes,no,yes
167,44.27445,1.35239,Free,yes,no,unknown
168,41.03967,-8.27381,Free,yes,no,yes
169,45.73949,7.48541,Free,yes,no,yes
170,39.66098,-2.38315,Free,yes,no,yes
171,42.37476,-7.41793,Free,yes,no,yes
172,37.22004,-7.44465,Free,yes,no,unknown
173,41.72947,1.52606,Paying,yes,no,yes
174,50.07606,3.64633,Free,yes,no,yes
175,47.6332,7.01866,Paying,yes,no,yes
176,52.62772,10.07243,Free,yes,no,yes
177,48.11816,-1.59108,Free,yes,no,yes
178,38.08146,-1.26612,Free,yes,no,yes
179,47.33826,-1.26556,Paying,yes,yes,yes
180,45.82484,0.45165,Free,yes,no,yes
181,47.70314,-1.37806,Free,yes,no,unknown
182,45.59879,-0.05668,Paying,yes,no,yes
183,44.00462,10.56248,Free,yes,no,yes
184,49.05415,7.43442,Free,yes,yes,yes
185,55.65903,12.55779,Paying,yes,yes,yes
186,41.42423,2.20726,Paying,yes,yes,unknown
187,48.91888,-0.48117,Free,yes,yes,yes
188,45.60844,7.35834,Paying,yes,unknown,yes
189,40.19993,-8.42958,Free,yes,no,yes
190,43.3804,-4.55387,Free,yes,no,yes
191,41.36527,2.02558,Free,yes,yes,unknown
192,43.48468,-5.26054,Paying,yes,yes,yes
193,43.70624,6.50646,Free,yes,yes,yes
194,47.87897,-3.92052,Paying,yes,yes,yes
195,46.65264,5.59955,Free,yes,yes,unknown
196,39.47701,-8.34332,Free,yes,yes,yes
197,44.09353,-1.31921,Paying,yes,yes,yes
198,44.06432,1.95788,Paying,yes,no,yes
199,43.23353,-4.39832,Free,yes,yes,unknown
200,46.29857,0.1783,Free,yes,yes,yes
201,44.77655,-0.34809,Free,yes,no,yes
202,46.45903,1.60571,Free,yes,no,yes
203,47.24089,-0.0226,Paying,yes,yes,yes
204,43.28942,-1.50419,Free,yes,no,yes
205,43.71435,-1.04945,Free,yes,no,yes
206,38.7005,-8.06401,Free,yes,no,yes
207,42.89361,-0.11256,Paying,yes,yes,yes
208,40.11313,-8.49521,Free,yes,no,yes
209,43.30792,-2.01442,Paying,yes,no,unknown
210,43.56322,-7.25775,Free,yes,no,yes
211,48.24051,5.60792,Paying,yes,no,unknown
212,48.45451,-2.02963,Free,yes,yes,yes
213,42.98787,-0.4224,Paying,yes,yes,unknown
214,37.16536,-7.51994,Paying,yes,no,yes
215,43.52395,13.43666,Free,yes,no,yes
216,49.92636,2.92651,Free,yes,unknown,yes
217,42.51855,-4.74117,Free,yes,no,unknown
218,38.91809,-9.3835,Free,yes,no,yes
219,43.31207,-1.58398,Paying,yes,yes,yes
220,48.23335,7.40611,Free,yes,yes,yes
221,42.52634,-1.68285,Free,yes,yes,yes
222,42.16312,0.89043,Free,yes,no,unknown
223,45.43375,10.97838,Paying,yes,no,unknown
224,43.7793,-1.40689,Paying,yes,yes,unknown
225,41.49793,-5.74347,Free,yes,yes,unknown
226,52.72125,6.07499,Paying,yes,yes,yes
227,42.1523,2.54679,Paying,yes,yes,unknown
228,43.59621,-1.45486,Paying,yes,yes,yes
229,49.80102,10.16844,Paying,yes,no,yes
230,49.93013,1.0866,Paying,yes,yes,yes
231,46.48085,3.97131,Free,yes,yes,yes
232,49.07818,10.32908,Paying,yes,yes,yes
233,44.80049,1.22165,Paying,yes,no,unknown
234,42.87535,0.97549,Free,yes,yes,yes
235,50.05831,1.36404,Paying,yes,yes,unknown
236,49.4717,6.07812,Free,yes,no,yes
237,42.86144,2.5655,Free,yes,yes,unknown
238,41.9526,-2.92624,Free,yes,no,yes
239,43.27809,-5.67451,Free,yes,no,yes
240,43.28637,-5.63889,Free,yes,no,yes
241,42.9565,-6.09289,Paying,yes,unknown,yes
242,36.59877,-6.22103,Paying,no,no,unknown
243,42.51499,-2.61568,Free,yes,yes,yes
244,47.73905,-2.58073,Free,yes,yes,unknown
245,41.85776,3.11505,Paying,yes,no,yes
246,42.53263,1.57858,Paying,yes,yes,unknown
247,41.93261,-8.12141,Free,yes,no,unknown
248,42.93374,2.21584,Free,yes,no,yes
249,43.08566,-3.55759,Free,yes,no,yes
250,42.97912,-0.74806,Free,yes,yes,unknown
251,45.02367,6.12393,Paying,no,no,unknown
252,40.75409,-8.56634,Paying,yes,no,yes
253,49.70039,0.21611,Paying,yes,no,yes
254,48.93586,8.41746,Free,yes,no,yes
255,43.39611,-8.07639,Paying,yes,yes,yes
256,48.87739,2.78579,Paying,yes,yes,unknown
257,42.39275,-1.79573,Free,yes,no,yes
258,54.94865,11.98694,Free,yes,yes,unknown
259,39.63222,-8.67272,Free,yes,yes,unknown
260,45.74963,6.28631,Free,yes,no,yes
261,49.76029,0.37427,Free,no,no,yes
262,47.48877,7.31173,Free,yes,unknown,yes
263,43.49342,-8.24015,Free,yes,no,unknown
264,44.1654,8.33785,Paying,yes,no,yes
265,44.32586,3.59044,Free,yes,yes,yes
266,42.79736,-8.58452,Free,yes,no,yes
267,43.34309,-6.8519,Free,yes,no,yes
268,44.56051,-0.02138,Paying,yes,yes,unknown
269,48.35518,-1.21102,Free,yes,no,unknown
270,45.98174,-1.087,Paying,yes,no,unknown
271,43.99403,0.22974,Paying,yes,yes,yes
272,39.42841,-9.2201,Paying,yes,yes,yes
273,38.16982,-6.64944,Free,yes,yes,yes
274,42.76033,-3.29598,Paying,yes,no,yes
275,47.99943,7.82561,Paying,yes,no,yes
276,42.26485,-4.41215,Free,yes,no,yes
277,50.55692,9.66611,Paying,yes,yes,yes
278,44.49813,0.97209,Free,yes,yes,unknown
279,45.70166,7.87278,Paying,yes,yes,yes
280,49.00229,9.76614,Free,yes,no,yes
281,47.50466,11.10716,Paying,yes,yes,yes
282,42.73823,-0.01932,Paying,yes,no,yes
283,46.57769,4.23505,Free,yes,yes,unknown
284,43.91512,5.19763,Paying,yes,no,yes
285,43.57368,2.96758,Paying,yes,yes,yes
286,44.73399,1.38481,Free,yes,no,yes
287,43.21565,-6.87588,Free,yes,no,yes
288,39.9799,0.02274,Free,yes,yes,yes
289,43.09594,3.11004,Paying,yes,yes,yes
290,47.3338,-2.42041,Free,yes,no,yes
291,43.17727,-7.87941,Free,yes,no,yes
292,52.09552,9.35982,Paying,no,no,yes
293,51.42018,9.64856,Paying,yes,yes,yes
294,50.84602,3.31089,Paying,yes,no,yes
295,50.56852,9.34615,Free,yes,no,yes
296,51.02763,9.41451,Free,yes,yes,yes
297,41.8439,-3.16446,Free,yes,no,yes
298,42.77624,-1.38536,Free,yes,yes,unknown
299,46.16882,14.42246,Paying,yes,yes,yes
300,49.161,20.29344,Paying,yes,yes,yes
301,37.18611,-4.03972,Free,yes,yes,yes
302,50.86823,10.96335,Free,yes,no,yes
303,42.53566,-8.8693,Paying,yes,no,yes
304,43.29782,-1.97101,Free,yes,no,yes
305,37.26221,-1.85359,Paying,yes,yes,no
306,44.5446,-0.25736,Free,yes,no,yes
307,42.56766,-0.54552,Free,yes,no,yes
308,39.18758,-1.07611,Free,yes,no,yes
309,47.62161,-1.61161,Free,yes,yes,yes
310,65.14335,21.50917,Free,yes,yes,yes
311,59.0173,6.0439,Paying,yes,yes,no
312,47.95631,-2.55029,Free,yes,yes,unknown
313,49.4308,0.81484,Free,yes,no,yes
314,56.68133,16.38084,Free,yes,yes,yes
315,56.16987,15.59416,Free,yes,no,yes
316,48.13608,7.26188,Paying,yes,yes,yes
317,48.5634,7.8165,Paying,yes,no,yes
318,47.52218,-2.8584,Paying,yes,no,yes
319,52.01281,4.71607,Paying,no,yes,unknown
320,43.25968,-2.96401,Paying,yes,yes,unknown
321,48.33522,16.29915,Free,yes,no,yes
322,40.65913,0.67527,Free,yes,yes,unknown
323,40.48848,-6.11623,Free,yes,no,yes
324,41.91119,-4.78079,Free,yes,no,yes
325,48.60376,-1.47701,Paying,yes,yes,unknown
326,39.39714,-2.43577,Free,yes,unknown,yes
327,46.96568,-2.21501,Paying,yes,no,yes
328,39.89176,-0.95707,Free,yes,no,yes
329,43.15947,-6.10098,Free,yes,no,yes
330,37.9593,-2.4313,Free,yes,no,yes
331,46.6683,-1.4184,Free,yes,yes,yes
332,40.41604,0.1727,Free,yes,no,yes
333,42.35876,1.46506,Free,yes,no,yes
334,44.10417,9.85907,Paying,yes,unknown,yes
335,44.65154,-1.1481,Free,yes,no,yes
336,44.82434,1.18395,Paying,yes,no,yes
337,42.58719,-2.79458,Free,yes,no,unknown
338,44.32886,-1.15096,Paying,yes,yes,yes
339,48.93806,5.71451,Paying,yes,yes,yes
340,47.47935,1.31891,Free,yes,yes,yes
341,43.64677,3.38939,Paying,yes,yes,yes
342,44.48619,-1.08447,Paying,yes,yes,yes
343,46.46733,5.69212,Paying,yes,yes,yes
344,46.8125,6.30367,Paying,yes,yes,unknown
345,37.11581,-8.67895,Paying,yes,yes,yes
346,43.09275,2.62028,Paying,yes,yes,yes
347,48.44747,-4.77684,Paying,yes,yes,unknown
348,48.49433,-4.03826,Free,unknown,no,yes
349,43.2176,-3.43927,Paying,yes,yes,yes
350,59.32021,18.03195,Paying,yes,yes,yes
351,44.52666,-0.21663,Paying,yes,yes,yes
352,43.70418,2.12998,Free,yes,no,yes
353,42.52724,2.83773,Free,yes,yes,unknown
354,43.28591,3.51746,Paying,yes,no,unknown
355,48.708,-3.82716,Free,yes,yes,yes
356,43.15187,6.43199,Paying,yes,yes,unknown
357,45.54596,-1.05453,Paying,yes,no,unknown
358,43.35839,-2.5072,Free,yes,unknown,unknown
359,44.88311,0.52525,Free,yes,no,yes
360,42.60462,-5.58494,Free,yes,yes,yes
361,42.23575,2.28419,Free,yes,no,yes
362,42.56351,2.06857,Paying,yes,yes,yes
363,44.93427,6.73533,Paying,yes,no,yes
364,46.22943,-1.4834,Paying,yes,yes,no
365,44.93885,1.00952,Paying,yes,yes,unknown
366,42.91385,3.01995,Paying,yes,unknown,yes
367,42.90023,3.05271,Paying,yes,yes,yes
368,47.55847,9.70041,Paying,yes,no,yes
369,43.86204,1.81846,Free,yes,no,unknown
370,43.26799,-1.90135,Free,yes,yes,yes
371,45.41292,7.46294,Paying,yes,yes,yes
372,48.09817,-4.2124,Paying,yes,unknown,yes
373,42.47809,-2.45729,Free,yes,no,unknown
374,39.33305,-5.47919,Free,yes,no,unknown
375,38.07944,-1.25806,Free,yes,no,yes
376,43.84024,10.4886,Paying,yes,yes,unknown
377,45.46066,10.63311,Paying,yes,yes,yes
378,43.00445,-7.56139,Free,yes,no,unknown
379,43.40706,-5.81086,Free,yes,no,yes
380,42.40932,-7.72207,Free,yes,no,yes
381,45.43396,7.22823,Paying,yes,yes,yes
382,42.63352,-8.85318,Free,yes,yes,unknown
383,41.53762,-6.95713,Free,yes,no,unknown
384,43.04908,-5.18356,Paying,yes,yes,yes
385,45.91843,9.31547,Paying,yes,no,yes
386,50.80368,8.77528,Paying,yes,yes,yes
387,43.67857,10.27903,Paying,yes,yes,yes
388,42.86634,9.34382,Paying,yes,no,yes
389,52.4565,5.10465,Paying,no,yes,unknown
390,37.88929,12.47127,Free,yes,yes,yes
391,46.8055,1.03811,Free,yes,yes,unknown
392,41.36806,1.77321,Free,yes,no,unknown
393,42.07503,3.09813,Paying,yes,yes,unknown
394,50.32236,7.22835,Free,yes,no,no
395,41.17138,-2.43203,Free,yes,no,unknown
396,68.4941,14.81341,Paying,yes,unknown,yes
397,47.40462,-2.49115,Free,no,no,unknown
398,43.81613,-1.40081,Paying,yes,yes,unknown
399,43.43304,0.30922,Free,yes,yes,yes
400,44.21276,-1.2821,Paying,yes,no,unknown
401,43.08502,1.87394,Free,yes,yes,yes
402,43.42769,-7.37014,Free,yes,no,unknown
403,50.554,6.2322,Paying,yes,no,yes
404,42.50764,2.12249,Paying,yes,no,yes
405,47.50663,6.79132,Free,yes,no,unknown
406,45.21796,-0.18348,Free,yes,yes,yes
407,47.15773,1.20173,Free,yes,no,yes
408,41.91864,0.18939,Free,yes,yes,yes
409,40.62407,-0.09144,Free,yes,no,unknown
410,48.57417,-3.83156,Free,yes,yes,yes
411,46.55806,3.32464,Paying,yes,no,yes
412,46.33329,0.81055,Free,yes,yes,unknown
413,38.03972,-1.48139,Free,yes,no,yes
414,46.37796,-0.06916,Free,yes,unknown,yes
415,43.09903,-9.21275,Free,yes,no,yes
416,48.69226,6.19342,Paying,yes,yes,unknown
417,46.15671,5.60363,Paying,yes,yes,unknown
418,41.75669,1.90929,Free,yes,no,unknown
419,43.40394,-6.54168,Free,yes,yes,yes
420,43.545,-6.72217,Free,yes,yes,yes
421,42.91201,-8.73342,Free,yes,no,yes
422,40.78257,17.23397,Paying,yes,no,yes
423,47.0008,-2.25208,Paying,yes,no,yes
424,48.85535,10.48438,Free,yes,yes,yes
425,46.77252,6.03648,Paying,yes,yes,unknown
426,43.53751,-7.93867,Free,yes,yes,yes
427,42.27555,-8.83372,Paying,yes,unknown,yes
428,43.02792,-2.40563,Free,yes,yes,yes
429,47.40849,10.28578,Paying,yes,yes,yes
430,39.3564,-9.15703,Paying,yes,no,unknown
431,49.19718,9.51126,Paying,yes,yes,unknown
432,42.48027,-1.64719,Free,yes,no,yes
433,43.18371,-0.60846,Free,yes,no,yes
434,47.49189,7.39047,Free,yes,unknown,yes
435,36.94139,-5.25306,Paying,yes,no,yes
436,45.93565,1.02518,Free,yes,yes,unknown
437,43.17861,-1.48806,Free,yes,no,yes
438,45.79726,8.41193,Free,yes,yes,yes
439,43.56083,-6.73389,Free,yes,no,yes
440,59.91824,10.6759,Paying,yes,yes,no
441,43.56505,-7.64381,Free,yes,no,unknown
442,43.38283,-5.82377,Free,yes,no,yes
443,48.7825,-3.04694,Free,yes,no,unknown
444,42.38278,-7.57146,Free,yes,yes,unknown
445,38.649,0.06661,Paying,yes,yes,yes
446,44.58931,10.53539,Free,yes,no,yes
447,43.90804,10.21881,Paying,yes,yes,yes
448,51.26232,1.10247,Paying,yes,yes,yes
449,41.56393,9.33596,Paying,yes,no,unknown
450,40.37837,0.40647,Paying,yes,yes,yes
451,37.87431,-4.78726,Paying,yes,unknown,unknown
452,37.0983,-8.24369,Paying,yes,yes,yes
453,37.9671,-4.46118,Free,yes,no,yes
454,43.62857,5.15376,Free,yes,no,yes
455,42.46894,-7.28626,Free,yes,no,unknown
456,45.18768,0.73078,Paying,yes,no,yes
457,42.78636,0.15718,Paying,yes,yes,yes
458,42.96053,-0.07718,Free,yes,yes,unknown
459,40.2383,-3.6907,Paying,yes,yes,unknown
460,42.50571,-0.35694,Paying,yes,yes,yes
461,47.79894,-4.19818,Free,yes,yes,unknown
462,40.57582,0.39331,Paying,yes,yes,yes
463,45.37474,4.44875,Free,yes,no,yes
464,41.81022,3.05792,Paying,yes,no,unknown
465,43.5445,-5.69571,Free,yes,no,yes
466,43.50672,-1.5346,Paying,yes,no,unknown
467,48.58029,-2.14482,Free,yes,yes,yes
468,48.69406,-3.79212,Free,yes,no,yes
469,48.33771,-4.70729,Paying,yes,yes,yes
470,42.56932,-7.39408,Free,yes,no,yes
471,43.25484,-5.56842,Free,yes,yes,yes
472,43.62839,-0.82864,Free,yes,no,yes
473,42.54372,-6.5869,Free,yes,no,yes
474,48.90235,6.06122,Paying,yes,yes,yes
475,42.42291,-8.65615,Free,yes,no,yes
476,47.12075,-2.09178,Free,yes,no,yes
477,45.94716,-1.09008,Paying,yes,no,yes
478,42.51776,3.11373,Paying,yes,yes,yes
479,44.05962,9.84879,Paying,yes,no,unknown
480,43.15212,-4.91753,Paying,yes,yes,yes
481,40.22981,-7.22189,Free,yes,no,yes
482,39.32651,-3.48327,Free,yes,no,yes
483,39.34073,-7.27758,Free,yes,no,yes
484,43.5687,2.01246,Free,yes,no,yes
485,41.93956,2.83923,Free,yes,no,yes
486,37.07342,-8.07721,Paying,yes,no,yes
487,51.79103,11.13946,Paying,yes,yes,yes
488,42.89456,11.77516,Free,yes,no,yes
489,55.70675,9.26554,Free,yes,yes,yes
490,43.15689,-0.39716,Free,yes,yes,yes
491,39.98514,4.09242,Paying,yes,yes,yes
492,42.41864,2.91386,Free,yes,yes,yes
493,42.43908,1.13397,Free,yes,no,yes
494,55.32483,8.75769,Free,yes,yes,yes
495,42.20253,2.19365,Free,yes,no,yes
496,45.94459,-0.95563,Free,yes,yes,yes
497,43.3984,10.42847,Paying,yes,no,yes
498,49.50721,9.97036,Free,yes,yes,unknown
499,47.95573,7.29559,Free,yes,yes,yes
500,45.08894,13.64519,Paying,yes,yes,unknown
501,42.02585,2.46492,Paying,yes,yes,yes
502,47.92057,6.66186,Free,yes,no,unknown
503,42.55933,-2.75989,Free,yes,no,yes
504,43.35474,-8.25381,Free,yes,no,yes
505,42.45764,2.0377,Free,yes,yes,unknown
506,48.18293,-3.01287,Free,yes,yes,yes
507,46.73438,2.48668,Free,no,yes,yes
508,45.60424,-0.99979,Paying,yes,no,yes
509,48.23244,7.37232,Free,yes,no,yes
510,45.94528,-0.53689,Paying,yes,yes,yes
511,43.14181,0.92877,Paying,yes,yes,yes
512,48.04526,6.58173,Free,yes,no,unknown
513,45.14795,-0.6049,Free,yes,no,unknown
514,43.73436,-1.07854,Free,yes,no,yes
515,44.9639,-0.40186,Free,yes,no,yes
516,45.38791,-0.68986,Free,yes,no,unknown
517,49.65087,0.16317,Free,yes,yes,no
518,46.84505,4.6331,Free,yes,yes,unknown
519,43.26457,6.67275,Paying,yes,yes,yes
520,42.85337,-2.38521,Free,yes,no,yes
521,41.90606,0.33159,Free,yes,yes,yes
522,45.46794,12.27851,Paying,yes,yes,unknown
523,43.38525,-1.66291,Paying,yes,no,unknown
524,41.88429,2.50802,Free,yes,no,yes
525,42.13664,1.59284,Paying,yes,yes,yes
526,43.25778,-7.01861,Free,yes,no,yes
527,42.89755,-8.53028,Free,no,no,unknown
528,42.40952,-8.86183,Paying,yes,yes,unknown
529,44.89558,1.21243,Paying,yes,no,unknown
530,43.40312,-0.38763,Free,yes,no,yes
531,44.21627,2.31694,Free,yes,yes,yes
532,47.81525,8.18096,Paying,yes,no,yes
533,43.51267,16.1796,Paying,yes,yes,yes
534,39.84806,-0.48167,Free,yes,no,yes
535,40.94103,-4.10818,Free,yes,no,yes
536,43.6924,-1.42621,Paying,yes,yes,yes
537,46.26622,4.09068,Free,yes,yes,unknown
538,43.36629,3.6163,Paying,yes,yes,yes
539,47.00408,5.14326,Free,yes,no,unknown
540,37.3662,-5.9939,Free,yes,no,yes
541,56.06374,14.5712,Free,yes,yes,yes
542,43.37371,-2.98962,Free,yes,no,unknown
543,42.49142,-1.21393,Paying,yes,yes,yes
544,42.95579,-0.07255,Free,yes,no,yes
545,44.47074,1.68069,Paying,yes,yes,unknown
546,46.2274,-1.54642,Paying,yes,no,yes
547,44.86838,1.04382,Free,yes,no,unknown
548,45.01234,1.08971,Paying,yes,no,unknown
549,43.7592,-0.57572,Free,yes,no,yes
550,45.14921,-0.82118,Free,yes,yes,unknown
551,44.30765,-1.18127,Paying,yes,yes,unknown
552,48.40216,-0.08907,Free,yes,no,yes
553,50.1825,1.62888,Paying,yes,no,unknown
554,53.11381,8.83575,Paying,yes,yes,yes
555,56.28647,13.33925,Paying,yes,unknown,yes
556,43.76075,6.15109,Paying,yes,yes,yes
557,50.31584,9.46043,Free,yes,yes,yes
558,39.95357,-0.33495,Paying,yes,no,yes
559,47.77111,2.38452,Free,yes,no,yes
560,46.31086,7.63475,Free,yes,no,yes
561,42.08313,3.05739,Paying,yes,no,yes
562,46.46716,-1.61555,Paying,yes,no,unknown
563,41.86307,0.428,Free,yes,no,yes
564,43.56608,-6.94606,Paying,yes,no,yes
565,43.35971,-7.10734,Free,yes,yes,yes
566,44.7171,-1.06977,Free,yes,no,yes
567,41.99468,2.41583,Paying,yes,no,yes
568,42.33262,-8.0131,Free,yes,no,yes
569,41.99417,-1.68778,Free,yes,no,yes
570,47.81144,7.10502,Free,no,yes,yes
571,47.80879,7.10433,Free,yes,no,yes
572,44.67232,4.21924,Free,yes,no,yes
573,41.95863,12.80404,Free,yes,no,yes
574,43.13389,-2.08383,Paying,yes,no,yes
575,57.25084,-3.37592,Paying,yes,yes,yes
576,42.03667,-4.31611,Free,yes,no,yes
577,40.22075,-6.57148,Free,yes,no,yes
578,41.18093,-7.0418,Free,yes,yes,unknown
579,40.09388,-1.25381,Free,yes,yes,yes
580,40.80278,0.51417,Free,yes,no,unknown
581,50.60409,3.38181,Free,yes,no,yes
582,45.07314,4.82221,Free,yes,no,unknown
583,48.79041,-3.23074,Free,unknown,no,yes
584,49.74087,6.62492,Paying,yes,yes,unknown
585,47.22557,0.02328,Free,yes,yes,yes
586,38.0065,-3.37933,Free,yes,no,yes
587,39.98667,-2.85972,Free,yes,yes,yes
588,48.40741,10.0095,Paying,yes,no,unknown
589,42.36,-1.12807,Free,yes,no,yes
590,44.24285,6.62205,Free,yes,no,yes
591,42.28755,-5.5131,Free,yes,no,yes
592,41.65579,-4.73697,Paying,yes,no,yes
593,41.38233,1.92724,Free,yes,no,unknown
594,37.1952,-2.98435,Free,yes,yes,yes
595,45.33437,8.419,Free,yes,no,yes
596,42.54287,2.39088,Free,yes,no,yes
597,44.48557,1.55517,Paying,yes,no,yes
598,41.93452,2.24112,Paying,yes,yes,yes
599,41.93786,-8.74717,Free,yes,yes,yes
600,41.84548,2.38737,Free,yes,unknown,unknown
601,41.34035,1.69125,Free,yes,no,yes
602,37.52579,-1.43387,Paying,yes,no,yes
603,43.29575,-7.67702,Free,yes,yes,unknown
604,43.31052,-6.98628,Free,yes,no,yes
605,47.5447,0.88706,Free,yes,yes,yes
606,46.39577,2.85695,Free,yes,no,unknown
607,44.63844,0.74033,Free,yes,no,yes
608,41.83382,-7.00304,Free,yes,no,yes
609,43.40271,10.86199,Paying,yes,no,yes
610,47.40943,0.7975,Free,yes,yes,unknown
611,52.88354,9.59644,Free,yes,yes,yes
612,51.05696,13.74265,Paying,yes,yes,yes
613,51.34575,9.85379,Paying,yes,no,yes
614,42.06222,-7.71944,Free,yes,no,yes
615,43.27792,-2.17018,Free,yes,no,yes
616,42.97597,-2.29271,Free,yes,yes,yes
617,43.24086,-2.26089,Free,yes,no,yes
618,51.19494,3.22329,Paying,unknown,unknown,unknown
619,37.46667,-4.42401,Free,yes,unknown,yes
620,49.24885,4.02116,Free,yes,yes,unknown
621,36.7569,-5.50707,Free,yes,unknown,yes
622,39.86712,-2.57221,Paying,yes,no,yes
623,43.34486,-3.74168,Free,unknown,unknown,unknown
624,42.68846,-2.95483,Free,yes,no,yes
625,41.15572,-7.78032,Paying,yes,no,yes
626,38.42517,-6.41077,Free,yes,yes,yes
627,39.66134,-8.8253,Free,yes,no,unknown
628,42.87147,-4.49976,Free,yes,no,unknown
629,41.40168,-4.32033,Free,yes,no,yes
630,42.60598,-7.77989,Free,yes,no,unknown
631,50.67968,1.56637,Paying,yes,no,yes
632,42.00401,-4.53493,Free,yes,no,unknown
633,43.88982,-0.47566,Paying,yes,unknown,yes
634,39.47993,-6.37121,Free,yes,yes,unknown
635,37.44227,-4.21184,Free,yes,yes,yes
636,42.51945,-2.35994,Paying,yes,no,yes
637,47.62942,6.12669,Free,yes,yes,yes
638,42.21444,-8.03306,Free,yes,no,unknown
639,41.63603,2.40798,Free,yes,yes,yes
640,42.86667,-2.68501,Free,yes,no,unknown
641,41.28071,1.58177,Free,yes,yes,yes
642,41.8758,12.55554,Paying,yes,yes,yes
643,42.95853,-0.20743,Free,yes,no,yes
644,50.0277,19.20162,Paying,no,yes,unknown
645,41.85607,3.13588,Paying,yes,yes,unknown
646,42.2857,-8.14286,Free,yes,no,yes
647,42.10985,-4.64336,Free,yes,no,yes
648,44.63855,-0.31691,Free,yes,no,yes
649,45.61159,7.73268,Paying,yes,no,yes
650,43.72144,10.41937,Paying,yes,no,yes
651,44.54056,10.82639,Free,yes,yes,yes
652,42.43789,-8.69432,Free,yes,no,yes
653,41.90752,2.74256,Free,yes,yes,yes
654,46.02611,3.2031,Free,yes,no,yes
655,41.05194,-0.13911,Free,yes,no,yes
656,40.72902,-6.90168,Free,yes,no,yes
657,42.33949,-8.61309,Free,yes,no,yes
658,40.92608,-8.25131,Free,yes,yes,yes
659,41.89256,1.04297,Free,yes,no,yes
660,36.23606,-6.06861,Paying,yes,yes,yes
661,43.55107,-5.9139,Free,yes,no,yes
662,37.21012,-7.40662,Paying,yes,yes,unknown
663,45.70125,7.23933,Paying,yes,no,yes
664,39.05604,-1.0526,Free,yes,no,yes
665,42.48707,1.94485,Free,yes,no,yes
666,47.54913,7.94716,Paying,yes,yes,yes
667,48.50058,9.37535,Paying,yes,no,unknown
668,48.51022,8.37201,Paying,yes,no,unknown
669,47.8132,6.84149,Paying,yes,no,yes
670,36.18389,-5.93573,Paying,yes,yes,unknown
671,46.73153,-1.91144,Free,yes,unknown,yes
672,40.40415,0.41969,Free,yes,no,yes
673,40.05584,0.06073,Free,yes,no,yes
674,42.19906,2.70398,Free,yes,no,yes
675,47.23705,6.01637,Paying,yes,no,yes
676,41.50344,-5.75641,Free,yes,yes,yes
677,46.20901,5.24037,Free,yes,no,yes
678,44.25642,0.30669,Paying,yes,unknown,yes
679,41.8394,2.8117,Free,yes,no,yes
680,36.74863,-4.06588,Paying,yes,yes,unknown
681,45.87961,10.85896,Paying,yes,unknown,yes
682,46.02136,14.52279,Paying,yes,yes,unknown
683,37.27904,-8.24188,Paying,yes,unknown,yes
684,46.42258,15.85308,Paying,yes,yes,yes
685,42.04229,2.40465,Free,yes,no,yes
686,38.59583,-0.66696,Paying,yes,yes,yes
687,47.61606,1.51092,Paying,yes,yes,yes
688,48.07147,1.32427,Free,yes,no,yes
689,45.13589,-0.66431,Free,yes,no,yes
690,49.64244,-1.61778,Free,yes,no,yes
691,36.74466,-6.42693,Paying,yes,yes,unknown
692,43.85402,4.60863,Paying,yes,yes,yes
693,53.04737,8.62435,Free,yes,no,yes
694,46.51844,3.685,Free,yes,yes,yes
695,47.36676,0.7001,Free,yes,no,yes
696,41.87573,-4.5421,Free,yes,no,yes
697,44.67771,0.17821,Paying,yes,no,yes
698,46.32109,11.27422,Paying,yes,no,yes
699,43.12844,-2.54642,Free,yes,yes,yes
700,46.27556,13.95919,Paying,yes,yes,yes
701,46.33466,2.55863,Free,yes,yes,yes
702,38.20814,-0.57419,Paying,yes,yes,yes
703,42.91107,-9.26357,Paying,yes,no,yes
704,58.29303,6.66331,Paying,yes,no,yes
705,42.96102,1.6111,Free,yes,no,yes
706,43.92037,5.12466,Paying,yes,no,yes
707,57.44935,14.10038,Free,yes,yes,yes
708,48.40219,8.00692,Paying,yes,no,unknown
709,47.39252,0.19693,Free,yes,yes,yes
710,48.83506,-1.6098,Paying,yes,no,yes
711,48.98728,-0.95044,Free,yes,no,yes
712,53.5435,10.02664,Paying,yes,yes,yes
713,49.41905,0.24127,Paying,yes,no,yes
714,43.0468,-2.21222,Free,yes,no,yes
715,37.07083,15.26211,Paying,yes,yes,yes
716,49.32162,-1.10455,Free,yes,no,yes
717,40.33355,-7.86769,Free,yes,no,yes
718,47.34618,11.70344,Paying,yes,no,yes
719,46.48741,13.77486,Paying,yes,yes,yes
720,37.54655,-4.35238,Free,yes,no,yes
721,41.66999,2.28767,Free,yes,no,yes
722,42.93603,0.30115,Free,yes,yes,yes
723,49.40871,0.26809,Free,yes,no,yes
724,48.55066,4.76828,Paying,yes,no,yes
725,43.88531,-1.31959,Paying,yes,yes,yes
726,46.42472,8.40803,Paying,yes,no,yes
727,48.55089,8.49376,Free,yes,no,unknown
728,43.38869,-4.21005,Paying,yes,yes,yes
729,43.47226,-3.80283,Free,yes,no,yes
730,38.27477,-5.81841,Free,yes,yes,yes
731,48.55991,-4.33531,Free,yes,yes,yes
732,49.21853,-1.53643,Free,yes,no,yes
733,47.60084,9.87574,Paying,yes,no,yes
734,48.74658,6.05772,Free,yes,no,yes
735,43.42392,-4.76797,Paying,yes,no,yes
736,46.04692,-0.50656,Free,yes,no,yes
737,46.55944,15.65611,Paying,yes,yes,yes
738,36.71393,-4.3171,Paying,yes,yes,yes
739,43.09588,11.78748,Paying,yes,no,yes
740,44.03867,-0.90964,Free,yes,no,yes
741,47.92328,7.16034,Free,yes,no,yes
742,47.55204,8.02434,Paying,yes,no,yes
743,42.81948,-2.79847,Free,yes,no,yes
744,45.92572,1.17228,Free,yes,yes,yes
745,42.45523,-8.92649,Paying,yes,no,yes
746,42.55583,1.53273,Free,yes,no,yes
747,37.23111,-5.097,Free,yes,no,yes
748,44.6405,8.64986,Free,yes,no,yes
749,42.50917,-2.442,Free,yes,no,yes
750,42.73239,-8.66132,Free,yes,no,yes
751,42.82093,-1.65645,Paying,yes,no,yes
752,41.99033,2.80144,Free,yes,no,yes
753,45.53797,13.73781,Paying,yes,yes,yes
754,37.09265,-8.3116,Paying,yes,no,yes
755,42.30594,3.00851,Free,yes,no,yes
756,41.99386,0.38891,Free,yes,no,yes
757,48.45525,9.228,Free,yes,no,yes
758,46.16554,12.0588,Paying,yes,yes,yes
759,28.378,-16.49928,Free,yes,no,yes
760,45.06318,5.33642,Paying,yes,no,yes
761,42.43348,-8.63486,Free,yes,no,yes
762,41.09414,1.1538,Paying,yes,yes,yes
763,42.80666,-7.61765,Free,yes,no,yes
764,41.68343,-8.83278,Free,yes,no,yes
765,42.00446,2.03414,Free,yes,yes,yes
766,37.22501,-5.30481,Free,yes,yes,yes
767,46.89428,-0.925,Paying,yes,yes,yes
768,47.86624,-3.54346,Free,yes,no,yes
769,43.93793,4.55855,Free,yes,no,yes
770,43.46024,-5.05409,Free,yes,no,yes
771,42.26843,3.15566,Paying,yes,yes,yes
772,47.32653,1.12528,Free,yes,no,yes
773,47.84533,-2.72433,Free,yes,yes,yes
774,45.11515,0.50034,Free,yes,no,yes
775,48.52209,-3.94572,Free,yes,yes,yes
776,40.48659,-8.47524,Free,yes,no,yes
777,41.53689,1.38206,Free,yes,no,yes
778,42.6727,-2.34416,Paying,yes,no,yes
779,42.13004,-3.97253,Free,yes,no,yes
780,43.00362,-3.73907,Paying,yes,yes,yes
781,45.78978,8.37226,Free,yes,no,yes
782,44.5348,-0.34294,Free,yes,yes,yes
783,39.04136,-0.30753,Free,yes,no,yes
784,41.872,-8.26331,Free,yes,yes,yes
785,42.51822,12.51853,Free,yes,no,yes
786,49.46392,-1.82792,Free,yes,no,yes
787,55.71792,12.58956,Paying,yes,yes,yes
788,46.29885,12.0119,Free,yes,yes,yes
789,70.04081,22.95356,Free,yes,yes,yes
790,37.34902,-2.44145,Free,yes,no,yes
791,38.91907,-6.33623,Paying,yes,yes,yes
792,41.44087,-8.28467,Free,yes,no,yes
793,47.8325,7.9557,Paying,yes,no,yes
794,41.70561,2.718,Free,yes,yes,yes
795,47.53757,1.50013,Free,yes,yes,yes
796,36.6707,-5.4499,Free,yes,no,yes
797,45.74618,6.41794,Free,yes,unknown,yes
798,42.91417,-1.97361,Paying,yes,no,yes
799,40.256,-7.6235,Free,yes,yes,yes
800,48.07728,8.36652,Paying,yes,no,unknown
801,39.4092,-7.2463,Free,yes,no,yes
802,37.65238,-2.07382,Free,yes,no,yes
803,42.59012,-8.76457,Free,yes,no,yes
804,52.48906,5.06037,Paying,yes,no,yes
805,46.57444,-0.77494,Paying,yes,no,yes
806,46.24086,15.15397,Free,yes,no,yes
807,48.46279,10.26936,Paying,yes,no,yes
808,36.71034,-6.12139,Paying,yes,no,yes
809,43.84366,6.21885,Paying,yes,unknown,yes
810,39.39422,-7.37375,Free,yes,no,yes
811,46.58842,12.25619,Paying,yes,no,yes
812,41.77989,3.02288,Paying,yes,no,yes
813,45.78266,-1.15228,Paying,yes,no,yes
814,37.47011,-7.46406,Free,yes,no,yes
815,36.71959,-3.36431,Paying,yes,yes,yes
816,45.64468,7.71746,Free,yes,no,yes
817,47.76311,11.55014,Paying,yes,yes,yes
818,42.50068,0.79456,Free,yes,no,unknown
819,43.15595,-5.97295,Free,yes,no,yes
820,48.42425,-1.57402,Free,yes,no,yes
821,42.85971,-8.64876,Free,yes,no,unknown
822,46.10941,1.36995,Free,yes,yes,yes
823,49.79052,5.05737,Free,yes,no,yes
824,43.35802,-3.81972,Free,unknown,unknown,unknown
825,37.38863,-1.61577,Paying,yes,yes,unknown
826,39.21027,9.12765,Paying,yes,yes,yes
827,38.002,-1.01922,Paying,yes,yes,unknown
828,38.12092,-0.66,Paying,yes,yes,yes
829,38.00765,-1.04332,Paying,yes,yes,unknown
830,37.79279,-1.5104,Paying,yes,no,unknown
831,-36.82772,139.8505,Free,yes,yes,yes
832,43.01334,-6.60823,Free,yes,yes,yes
833,43.32683,2.52549,Free,no,no,unknown
834,49.12089,5.03639,Paying,yes,yes,yes
835,42.45352,1.48644,Free,no,yes,unknown
836,45.12593,-0.66527,Paying,yes,no,yes
837,27.97589,-15.58812,Free,yes,yes,unknown
838,45.7815,14.20557,Paying,yes,yes,unknown
839,47.65805,9.16928,Paying,yes,yes,yes
840,48.54753,-1.75498,Free,yes,yes,yes
841,45.40365,2.04749,Free,yes,no,unknown
842,39.48151,-7.54972,Free,yes,yes,unknown
843,42.53544,1.58873,Paying,yes,no,unknown
844,48.62166,-2.4727,Free,yes,no,unknown
845,42.71085,-1.7773,Free,yes,yes,unknown
846,42.79635,0.43926,Free,no,yes,unknown
847,43.03812,-4.37073,Free,yes,yes,yes
848,49.16217,10.32481,Free,no,no,unknown
849,41.41314,2.22206,Paying,yes,yes,unknown
850,41.08846,-6.81725,Free,yes,no,yes
851,51.70358,4.86345,Paying,yes,yes,yes
852,42.52303,2.22168,Paying,yes,unknown,yes
853,42.95668,-0.32885,Free,no,no,unknown
854,66.72461,13.69942,Free,yes,yes,unknown
855,43.24798,-5.90537,Paying,yes,no,yes
856,45.65341,5.86018,Paying,yes,yes,unknown
857,44.10563,0.88521,Paying,yes,yes,yes
858,43.52636,-1.51697,Paying,yes,yes,unknown
859,47.09514,-2.04974,Free,yes,yes,unknown
860,46.03356,1.29907,Free,yes,yes,yes
861,45.00618,-1.16871,Paying,yes,no,unknown
862,43.2399,-7.55564,Free,yes,no,unknown
863,41.73708,-1.06557,Free,yes,yes,unknown
864,47.31979,-1.34787,Free,yes,yes,unknown
865,42.78471,1.68838,Paying,yes,yes,unknown
866,42.80155,0.4109,Free,yes,no,yes
867,44.78422,1.89973,Free,yes,no,unknown
868,42.79672,0.40844,Paying,yes,yes,unknown
869,42.81105,9.33364,Paying,yes,yes,unknown
870,42.84532,-8.58099,Free,yes,no,unknown
871,44.09492,3.0824,Paying,yes,yes,unknown
872,42.52787,-7.51178,Free,unknown,unknown,unknown
873,44.70806,2.49686,Free,yes,yes,unknown
874,48.6123,-1.50788,Paying,no,no,unknown
875,50.75566,11.75636,Free,yes,no,yes
876,58.50749,15.97696,Paying,yes,yes,unknown
877,48.02292,-2.17146,Paying,yes,unknown,yes
878,40.92898,-4.05689,Free,yes,no,unknown
879,42.54538,1.73344,Paying,yes,no,unknown
880,40.54961,-8.77067,Free,yes,yes,yes
881,63.23693,24.82099,Free,yes,yes,unknown
882,44.6403,-1.01969,Free,yes,yes,yes
883,41.29165,-4.68193,Free,yes,no,yes
884,38.56002,-0.08362,Paying,yes,yes,unknown
885,42.90977,-0.61941,Paying,yes,no,yes
886,43.57624,-1.48635,Paying,yes,yes,unknown
887,47.8539,-3.74346,Free,yes,no,unknown
888,42.38884,-8.49938,Free,yes,unknown,unknown
889,47.48831,-3.13681,Paying,yes,no,unknown
890,43.01348,3.04088,Paying,yes,no,unknown
891,38.96591,-5.96265,Free,yes,no,yes
892,43.93504,12.44485,Free,no,no,unknown
893,45.58037,0.04478,Free,yes,no,unknown
894,48.41111,-1.36278,Free,yes,yes,unknown
895,45.03578,3.09823,Free,yes,no,unknown
896,46.19932,-1.36506,Paying,yes,no,yes
897,48.68265,-3.97073,Paying,yes,yes,yes
898,44.39669,0.80508,Free,yes,yes,yes
899,47.51153,-3.13893,Free,yes,no,unknown
900,43.80279,7.74772,Paying,yes,no,unknown
901,42.46602,1.49422,Free,yes,no,yes
902,46.02827,-1.38419,Free,yes,yes,unknown
903,46.35049,-1.43666,Paying,yes,no,yes
904,40.0834,9.67794,Paying,yes,yes,unknown
905,45.86873,3.48255,Free,yes,yes,unknown
906,48.67925,5.88781,Free,yes,no,yes
907,43.78299,6.44211,Free,yes,yes,unknown
908,42.04335,-8.6465,Free,yes,no,unknown
909,40.87389,0.15556,Free,yes,no,unknown
910,37.58107,-6.75165,Free,yes,no,unknown
911,44.89777,5.36963,Free,yes,no,unknown
912,37.55425,-2.60865,Free,yes,yes,yes
