WKT,nombre,descripción,,,,,,
POINT (-0.4098 39.06956 0.0),Area AC Hort de Soriano (Carcaixent)  (Gratuito,Agua:si,vaciado:si,WC:si, electric,no),,
POINT (-8.89696 42.64159 0.0),Area de ac playa de BarraÃ±a (Boiro)  (Gratuito, Agua:Si:Wc:en verano),,,,,,
POINT (0.35921 42.90715 0.0),Arreau Ã¡rea AC municipal  (2 euros,Agua:si,vaciado:si,WC:no, electric,no),,
POINT (-0.41007 38.39479 0.0),Camper Area Campello Beach   (14eur/noche,Agua:si,WC:si,Electr.:si 3eur,Ducha:si),,,
POINT (-8.44443 43.37179 0.0),A CoruÃ±a  Gratuito: Si, Pernocta: Si, WC: Si, Agua: Si,,,,
POINT (0.72158 40.72556 0.0),AC Agrobotiga del Delta  (Gratuito,Agua:si,Wc:no),,,,,
POINT (2.52043 41.81417 0.0),AC Arbucies  (Gratuito,Agua:si,Wc:no),,,,,
POINT (9.6713 39.75402 0.0),AC Baccu e Praidas  (10eur/24h,Agua:si,WC:si,Electricidad:no),,,,
POINT (1.27773 41.78121 0.0),AC Bon Area Guissona  (Gratuito,Agua:si,Wc:si),,,,,
POINT (4.50299 51.28586 0.0),AC Brasschaat  (Gratuito,Agua:si,Wc:no),,,,,
POINT (1.28364 41.67803 0.0),AC Cervera  (Gratuito,Agua:si,Wc:no),,,,,
POINT (0.31783 47.065 0.0),AC Champigny-sur-Veude  (Gratuito,Agua:si,WC:si),,,,,
POINT (1.65895 45.05802 0.0),AC Collonges la Rouge  (5eur/noche,Agua:si,WC:si),,,,,
POINT (1.00682 44.77714 0.0),AC de Belves  (Gratuito,Agua:si,WC:no),,,,,
POINT (1.58078 45.05397 0.0),Ac de Turenne  (Gratuito,Agua:si,WC:no),,,,,
POINT (13.74581 51.04677 0.0),AC Dresden Zentrum  (13eur/dia, Agua:si WC:no),,,,,,
POINT (13.65136 68.30725 0.0),AC Eggum  (110coronas/noche,Agua:si,Wc:no),,,,,
POINT (1.32661 41.17643 0.0),AC El Catllar  (Gratuito,Agua:si,Wc:si),,,,,
POINT (0.73375 41.12671 0.0),AC El Masroig  (Gratuito,Agua:si,WC:si),,,,,
POINT (10.31922 47.72945 0.0),AC kempten  (5eur/n24h,Agua:si,WC:no),,,,,
POINT (13.58558 52.45926 0.0),AC Koepenicker Hof  (10eur/24h, Agua:Si WC:Si),,,,,,
POINT (1.1727 41.41435 0.0),AC La Guardia dels Prats  (10eur/noche,Agua:si,WC:si,Electricidad:si),,,,
POINT (0.96624 42.2381 0.0),AC La Pobla de Segur  (Gratuito,Agua:si,Wc:no),,,,,
POINT (10.03346 59.04898 0.0),AC Larvik  (15eur/noche, Agua:si, WC:si),,,,,
POINT (-2.33781 43.03665 0.0),Ac Mirandaola. Legazpi  Agua: Si, Wc: Si, Gratuito: Si,,,,,
POINT (-1.37337 49.4851 0.0),AC Montebourg  (Gratuito,Agua:si,Wc:no),,,,,
POINT (2.32174 41.92158 0.0),AC Parc de les set fonts  (Gratuito,Agua:si,Wc:si),,,,,
POINT (2.68943 41.62198 0.0),AC Pineda de Mar  (10eur,WC:no, Elect:no,Wifi, duchas:no),,,
POINT (12.38906 41.88505 0.0),AC Real Sporting Village  (15eur/noche,Agua:si,WC:si),,,,,
POINT (-3.72811 43.44705 0.0),AC Ribamontan al mar  (9eur/noche,Agua:si,Wc:si),,,,,
POINT (1.75121 44.15179 0.0),AC Saint Antonin Noble Val  (Gratuito,Agua:si,Wc:no),,,,,
POINT (-1.99403 48.64347 0.0),AC Saint Malo  (7.5eur/noche,Agua:si,WC:no),,,,,
POINT (0.32309 42.82247 0.0),AC Saint-Lary-Soulan  (6eur/noche,Agua:si,WC:si),,,,,
POINT (2.28421 42.23567 0.0),AC Sant Joan de les Abadesses  (Gratuito, Agua:si, vaciado:si, Wc:si),,,,
POINT (5.7117 43.68666 0.0),AC Sant Paul Les Durance  Agua: Si, WC: No, Gratuito: Si,,,,,
POINT (2.74448 41.80704 0.0),AC Sils  (Gratuito,Agua:si,Wc:no),,,,,
POINT (7.06263 45.6263 0.0),AC Valgrisenche  (Gratuito,Agua:si,WC:no),,,,,
POINT (7.20708 45.59389 0.0),AC Valsavarenche  (5eur/noche,Agua:si,WC:no),,,,,
POINT (5.52248 46.77409 0.0),Aire du Jura  Gratuito, Agua: si, Wc: si, area de servicio autopista,,,,
POINT (-4.08879 37.59001 0.0),Alcaudete ( Jaen )  gratuito: si, agua: si, wc:no,,,,,
POINT (13.09759 54.31272 0.0),Am Langenwall  Agua: No, Wc: Si, Luz: No, Gratuito: No 4eur dia,,,,
POINT (6.66433 43.96318 0.0),Annot  Gratuito: Si  Agua potable: Si ,Wc: no,,,,,,
POINT (3.11329 45.58797 0.0),Area AC  Champeix  (Gratuito,Agua:si,vaciado:si,WC:no, electric,no),,
POINT (1.10464 41.39847 0.0),Area AC  de LEspluga de Francoli  (Gratuito,Agua:1eur, Electric:1 eur, vaciado:si, WC:si),,,
POINT (3.85396 44.72299 0.0),Area AC  Langogne  (Gratuito,Agua:si 3eur,vaciado:si,WC:si, electric,no),,
POINT (1.45677 41.16679 0.0),Area AC 340 (Creixell)  (10 euros,Agua:si,vaciado:si,WC:no, electric:si,wifi:si,ducha:no),
POINT (-8.25611 42.76222 0.0),Area Ac A Carixa (Vila de Cruces)  (Gratuito,Agua:si,Wc:no,Vaciado:si,Elec:no),,,
POINT (-7.79195 42.44155 0.0),Area Ac A Peroxa  (Gratuito,Agua:si,Wc:si,Vaciado:si,Elec:?),,,
POINT (-7.11513 42.38907 0.0),Area ac A Rua  Gratuito, Agua: si, Wc: no, Grises: si, Negras: si, Electr: no,,
POINT (6.10291 50.76145 0.0),Area Ac Aachen-Aquisgran  (Gratuito:no(15eur/24h),Agua:si,Wc:si,Vaciado:si,Elec:si),,,
POINT (-2.77737 37.15425 0.0),Area Ac Abla-Montagon  (Gratuito,Agua:si,Wc:si,Vaciado:si,Elect:no),,,
POINT (-8.02111 42.75889 0.0),Area ac Agolada  (Gratuito,Agua:si,Wc:no,Vaciado:si,Elec:no),,,
POINT (-1.93007 41.84743 0.0),Area Ac Agreda   (Gratuito,Agua:si,Wc:si,Vaciado:si,Elec:no),,,
POINT (-4.25724 42.7863 0.0),Area ac Aguilar de Campoo  Gratuito, Agua: si, Wc: no, Grises: si, Elec: no,,,
POINT (4.19645 43.56522 0.0),Area Ac Aigues Mortes  (7e/noche, Agua:si,WC:no),,,,,
POINT (-5.71036 38.03745 0.0),Area ac Alameda del Parral (Alanis)  (Gratuito,Agua:si,Wc:no,Vaciado:si,Elec:no),,,
POINT (-0.50825 41.12133 0.0),Area AC Albalate del Arzobispo  (Gratuito,Agua:si,vaciado:si,WC:no, electric,no),,
POINT (-3.21934 39.38959 0.0),Area Ac Alcazar de San Juan  (Gratuito,Agua:si,Wc:no,Vaciado:si,Elec:?),,,
POINT (1.1729 41.26326 0.0),Area Ac Alcover  (5eur/noche,Agua:si,Wc:no,Vaciado:si,Elec:no),,,
POINT (6.15842 62.47643 0.0),Area Ac Alesund  (Precio:18eur,Agua:si,Wc:no,Vaciado:si,Elec:si,duchas,wifi),
POINT (-1.23827 41.43594 0.0),Area AC Alfamen  (Gratuito,Agua:si,vaciado:si,WC:no),,,,
POINT (11.62534 48.22077 0.0),Area Ac Allianz Arena (Munich)  (Gratuito: no (15 eur/24 h.), Agua: si, Wc: si, tren y autobus al centro),,,,
POINT (-2.79397 36.69709 0.0),Area Ac Almerimar (El Eljido)  (Precio:8eur/24h,Agua:si,Wc:si,Vaciado:si,Elec:si,Duchas),,
POINT (9.27856 50.74863 0.0),Area Ac Alsfeld  (Gratuito:no(5eur/24h),Agua:si,Wc:no,Vaciado:si,Elec:si),,,
POINT (23.48611 69.98899 0.0),Area Ac Alta  (Gratuito,Agua:si,Wc:si,Vaciado:si,Elec:?),,,
POINT (8.44087 45.78528 0.0),Area AC Ameno  (Gratuito,Agua:si,vaciado:si,WC:no,electric:si),,,
POINT (6.13846 49.24773 0.0),Area Ac Amneville  (Gratuito,Agua:si,Wc:si,Vaciado:si,Elec:?),,,
POINT (-1.11095 44.74496 0.0),Area Ac Andernos Les Bains  (10eur/noche,Agua:si,Wc:si,Vaciado:Si,Electr:no),,,
POINT (-0.44725 40.98399 0.0),Area ac Andorra  (Gratuito,Agua:si,Wc:no,Vaciado:si,Elect:?),,,
POINT (-4.57154 37.0213 0.0),Area AC Antequera  (Gratuito,Agua:si,vaciado:si,WC:no, electric,no),,
POINT (12.42003 43.5595 0.0),Area Ac Apecchio  Gratuito: si, Agua: si, Wc: no,,,,,
POINT (-3.69273 41.67026 0.0),Area Ac Aranda de Duero  (Gratuito,Agua:si,Wc:no),,,,,
POINT (11.88764 43.47195 0.0),Area Ac Arezzo  (8 euros,Agua:si 1 euro ,WC:si, wifi),,,,
POINT (-1.59155 42.17361 0.0),Area Ac Arguedas  (Gratuito,Agua:si(de pago),Wc:no,Vaciado:si,Elec:de pago),,,
POINT (-2.23987 42.21404 0.0),Area ac Arnedillo  Gratuito, Agua: si, Wc: si,,,,,
POINT (2.78836 50.29442 0.0),Area Ac Arras  (Gratuito,Agua:si,Wc:no,Vaciado:si,Elec:si),,,
POINT (-0.6258 49.33906 0.0),Area Ac Arromanches  (Gratuito,Agua:si,Wc:si,Vaciado:si,Elec:?),,,
POINT (-2.0957 42.58921 0.0),Area AC Arroniz  (Gratuito,Agua:si,vaciado:si,WC:no, electric,no),,
POINT (-0.39439 42.87507 0.0),Area AC Artouste-Fabreges  (Gratuito,Agua:si 5eur, vaciado:si, electric:si 5 eur, WC:no),,,
POINT (-8.41389 42.08722 0.0),Area AC As Neves  (Gratuito,Agua:si,Vaciado:si,Elect:no,Wc:no),,,
POINT (-7.10733 42.81034 0.0),Area AC As Nogais  (Gratuito,Agua:si,vaciado:si,WC:no, electric,no),,
POINT (0.56835 41.18698 0.0),Area Ac Asco  Gratuito:Si Agua:Si WC:No Electric:No,Agua: si,Wc: no,,,,,
POINT (-6.06599 42.45136 0.0),Area ac Astorga  Gratuito: Si, Pernocta: Si Agua: Si WC:No,,,,,,
POINT (0.58601 43.63736 0.0),Area Ac Auch  4 eur/noche, Agua: si, Wc: si,,,,,
POINT (-2.97342 47.66396 0.0),Area Ac Auray  (Gratuito,Agua:si,Vaciado:si,Wc:no),,,,
POINT (6.07838 45.0518 0.0),Area Ac Auris-en-Oisans  (Gratuito,Agua:si(2eur),Wc:no,Vaciado:si,Elec:?),,,
POINT (4.3163 46.95545 0.0),Area ac Autun  (Gratuito,Agua:si,Wc:si,Vaciado:si,Elec:?),,,
POINT (7.39034 45.07324 0.0),Area AC Avigliana  (Gratuito,Agua:si,vaciado:si,WC:no, electric,no),,
POINT (0.17715 47.21286 0.0),Area Ac Avoine  (4uer/24h,Agua:2eur:Wc:no,Vaciado:si,Elect:2eur),,,,
POINT (-2.0455 42.65421 0.0),Area Ac Ayegui  (Gratuito,Agua:si,Wc:no,Vaciado:si,Elect:?),,,
POINT (9.79737 50.31196 0.0),Area Ac Bad Bruckenau  (Gratuito:no(3eur/24h),Agua:si,Wc:no,Vaciado:si,Elec:si),,,
POINT (-6.97873 38.88471 0.0),Area Ac Badajoz  (Gratuito,Agua:si,WC:si,Vaciado:si,Elect:no),,,
POINT (8.20428 48.78174 0.0),Area Ac Baden Baden  (7eur/noche,Agua:si,Wc:no,Vaciado:si,Elec:?),,,
POINT (-3.45957 37.99629 0.0),Area AC Baeza  (Gratuito,Agua:si,vaciado:si,WC:no, electric,no),,
POINT (0.15366 43.0733 0.0),Area Ac Bagneres de Bigorre  Gratuito, Agua: si, Wc: no,,,,,
POINT (6.0312 45.97138 0.0),Area AC Balme de Sillingy  (5eur/24h, Agua:si, WC:no),,,,,
POINT (14.70403 46.22619 0.0),Area AC Balneario de Snovik  (Gratuito, Agua:si, vaciado:si, Wc:no, electric: si 15 euros),,,
POINT (10.90295 49.88608 0.0),Area Ac Bamberg  (Gratuito:no(8eur/noche),Agua:si,Wc:no,Vaciado:si,Elec:no),,,
POINT (-8.35468 43.33976 0.0),Area AC Bastiagueiro (Oleiros)  (Gratuito,Agua:si,vaciado:si,WC:no, electric,no),,
POINT (12.01018 47.67176 0.0),Area AC Bayrischzell  (10 eur/dia,Agua:si 0,50/25l.,vaciado:si,WC:si, electric,si 0,50/12 h.)
POINT (4.83685 47.01776 0.0),Area Ac Beaune  (Gratuito,Agua:si,Wc:no,Vaciado:si,Elec:?),,,
POINT (-7.15322 42.85283 0.0),Area ac Becerrea  (Gratuito,Agua:si,Wc:no,Vaciado:si,Elec:?),,,
POINT (5.17239 44.12493 0.0),Area Ac Bedoin   (11 eur/24h.,Agua:si,vaciado:si,WC:si, elect:si, piscinas cercanas),,
POINT (9.01748 46.20135 0.0),Area AC Bellinzona  (20 chf/24h,Agua:si,vaciado:si,WC:no, electric,no),,
POINT (12.2141 46.13766 0.0),Area ac Belluno  Gratuito:no,Agua:si,Wc:si,Vaciado:si,Elect:no,,,
POINT (1.56985 41.24624 0.0),Area Ac Bellvei del Penedes  (Gratuito:no(8eur/noche),Agua:si,Wc:si,Vaciado:si,Elec:no),,,
POINT (-1.10108 39.70905 0.0),Area AC Benageber  (Gratuito,Agua:si,vaciado:si,WC:no, electric,no),,
POINT (-2.42424 43.1034 0.0),Area Ac Bergara   (Gratuito,Agua:si,Wc:no,Vaciado:si,Elec:?),,,
POINT (0.50389 44.87108 0.0),Area Ac Bergerac  (Gratuito,Agua:si,Wc:no),,,,,
POINT (-2.72611 43.4233 0.0),Area Ac Bermeo  gratuito: si, agua:si, wc:no,,,,,
POINT (-0.24272 44.36954 0.0),Area AC Bernos Beaulac   (4 euros/dia,Agua:2 euros, vaciado:si,WC: no, electric,no),,
POINT (-1.6652 42.84038 0.0),Area Ac Berriozar  (Gratuito,Agua:si,Wc:no,Vaciado:si,Elec:no),,,
POINT (-0.44537 39.57951 0.0),Area AC Betera  (12eu/24h,agua,wc,elec),,,,
POINT (-1.57174 43.4659 0.0),Area Ac Biarritz  (12eur/24h,Agua: si,Wc:no,Vaciado:si,Electr:si),,,
POINT (-0.79065 39.13286 0.0),Area AC Bicorp  (5euros/24h Agua:Si WC:Si),,,,,,,
POINT (7.94462 49.96882 0.0),Area Ac Bingen  (10eur/noche,Agua:si,Wc:no,Vaciado:si,Elec:si),,,
POINT (-1.24529 44.45887 0.0),Area ac Biscarrosse Plage  (Tarifa:10eur/noche,Agua:si,Wc:no,Elect:no),,,,
POINT (11.7935 50.0537 0.0),Area AC Bischofsgrun  (Gratuito,Agua:si,vaciado:si,WC:si, electric,si 1 eur/8h),,
POINT (-6.8145 43.42094 0.0),Area AC Boal  (Gratuito,Agua:si,vaciado:si,WC:no, electric,no),,
POINT (-5.32588 42.87276 0.0),Area ac BoÃ±ar  Gratuito, Agua: si, Wc: no, Grises: si, Negras: si, Electr: no,,
POINT (0.66167 44.17784 0.0),Area AC Boe  (Gratuito,Agua:si 3 eur,vaciado:si,WC:no, electric,no),,
POINT (8.1292 48.68872 0.0),Area Ac Bohl  Gratuito: no (5 eur/noche), Agua: si, Wc: no,,,,,
POINT (11.33717 46.47317 0.0),Area AC Bolzano  (8 euros,Agua:si,vaciado:si,WC:no, electric:no),,,
POINT (2.49721 45.39896 0.0),Area AC Bort-les-Orgues   (Gratuito,Agua:si,vaciado:si,WC:no, electric,no),,
POINT (1.59751 50.74415 0.0),Area AC Boulogne Sur Mer  (5,25/48 h,Vaciado:si, Agua:3 eur,WC:no,Electric.:no),,
POINT (2.39861 47.07638 0.0),Area Ac Bourges  Gratuito: si, Agua: si, Wc: si,,,,,
POINT (0.97461 43.17786 0.0),Area AC Boussens  (Gratuito,Agua:si,vaciado:si,WC:no, electric,no),,
POINT (1.644 44.48413 0.0),Area Ac Bouzies  (5eur/24h,Agua: si,Wc:si,Electr:si),,,,
POINT (13.53951 46.33312 0.0),Area Ac Bovec  Gratuito: no, Agua: si,Wc: no, Grises: si, Elec: si,,,
POINT (-6.74596 41.80398 0.0),Area Ac Braganza  Gratuito: si, Agua: si, Wc: si,,,,,
POINT (0.64585 45.3791 0.0),Area AC Brantome,,,,,,,
POINT (0.64791 45.36042 0.0),Area Ac Brantome  Tarifa: 3.5 eur/noche, Agua: si (2 eur), Wc: no,,,,,
POINT (7.62047 45.92608 0.0),Area ac Breuil-Cervinia  Tarifa:6eur/noche,Agua:si,Wc:no,Vaciado:si,Elect:no,,,
POINT (2.69351 44.00515 0.0),Area Ac Broquies  (Gratuito,Agua:si,WC:si,Vaciado:si,Elect:si),,,
POINT (-0.04577 45.33291 0.0),Area AC Brossac  (Gratuito,Agua:si,vaciado:si,WC:no, electric,no),,
POINT (-2.76267 40.36809 0.0),Area AC Buendia  (5 eur/24h,Agua:si,vaciado:si,WC:si, electric,no),,
POINT (8.40184 39.40275 0.0),Area AC Buggerru  (19 euros,Agua:si,vaciado:si,WC:no, electric,si, duchas: si),
POINT (-7.35838 43.6532 0.0),Area Ac Burela  Gratuito: Si, Pernocta: Si Agua: Si WC:No,,,,,,
POINT (-3.68056 42.35139 0.0),Area Ac Burgos  (Gratuito,Agua:si,Wc:no,Vaciado:si,Electr:no),,,
POINT (-2.14961 36.81611 0.0),Area Ac Cabo de Gata Park  (10eur/noche,Agua:si,Wc:si,Vaciado:si,Electric.: si 3 euros, duchas: si),,
POINT (1.4409 44.44022 0.0),Area Ac Cahors  Gratuito, Agua: si, Wc: no,,,,,
POINT (1.51397 41.73494 0.0),Area Ac Calaf  Gratuito:Si Agua:Si WC:No Elec:No,,,,,,,
POINT (-1.64679 41.35056 0.0),Area Ac Calatayud  (Gratuito,Agua:si,Wc:no,Vaciado:si,Elec:no),,,
POINT (-4.60858 48.2741 0.0),Area Ac Camaret sur Mer  Gratuito: no (4 eur/noche), Agua: si, Wc: no,,,,,
POINT (0.17829 43.01819 0.0),Area ac Campan  Gratuito, Agua: Si, Wc: si,,,,,
POINT (14.51606 46.09956 0.0),Area AC Campark Aleksander Kovac, LJUBLJANA  (14eur/noche,Agua:si,WC:si,Electr.:si,Ducha:si),,
POINT (-0.1527 38.93856 0.0),Area AC Camper Park Km Zero  (12 eur/24 h.,Agua:si,vaciado:si,WC:si, Duchas:si, elect:si),,
POINT (2.58947 44.568 0.0),Area Ac Campuac  (Gratuito,Agua:si,WC:si,Vaciado:si,Elect:no),,,
POINT (-5.77208 43.58487 0.0),Area Ac Candas  (Gratuito,Agua:si,Wc:no,Vaciado,si,Elec:no),,
POINT (-5.12553 43.3526 0.0),Area Ac Cangas de Onis  Gratuito: Si, Pernocta: Si, WC: No, Agua: Si,,,,
POINT (-8.79764 42.25536 0.0),Area AC Cangas do Morrazo  (Gratuito,Agua:si,vaciado:si,WC:no, electric,no),,
POINT (-0.40742 40.52591 0.0),Area Ac Cantavieja  (Gratuito,Agua:si,Wc:no,Vaciado:si,Elect:?),,,
POINT (-1.44719 43.63606 0.0),Area Ac Capbreton  (16 eur/noche,Agua:si,WC:si,vaciado:si,Elect:?),,,
POINT (-1.23041 41.33796 0.0),Area Ac CariÃ±ena  (Gratuito,Agua:si,Wc:no,Vaciado:si,Elect:no),,,
POINT (-7.87437 43.73358 0.0),Area AC CariÃ±o  (Gratuito,Agua:si,vaciado:si,WC:no, electric,no),,
POINT (-3.08237 47.58462 0.0),Area Ac Carnac  (Gratuito,Agua:si,Wc:si,Vaciado:si,Elec:?),,,
POINT (-9.09585 42.84105 0.0),Area ac Carnota  (Gratuito,Agua:si,Wc:no,Vaciado:si,Elec:no),,,
POINT (-4.608 42.33812 0.0),Area AC Carrion de los Condes  Gratuito: Si Agua: Si WC: No,,,,,,,
POINT (-0.93416 43.47287 0.0),Area Ac Cars du Herre (Salies-de-Bearn)  (7eur/noche,Agua:si,Wc:no,Vaciado:Si,Electr:no),,,
POINT (-1.00549 37.61503 0.0),Area Ac Cartagena  (Precio:11eur/noche,Agua:si,Wc:si,Vaciado:si,Elec:si),,,
POINT (-0.5835 45.18262 0.0),Area AC Cartelegue  (Gratuito,Agua:si 3 euros,vaciado:si,WC:no, electric,3 euros),,
POINT (-2.91472 42.54583 0.0),Area Ac Casalarreina  (Gratuito,Agua:si,Wc:no,Vaciado:si,Elec:?),,,
POINT (8.73269 44.63341 0.0),Area AC Casaleggio Boiro  (Gratuito,Agua:si,Wc:no,Vaciado:si,Elec:no),,,
POINT (0.07896 44.31055 0.0),Area AC Casteljaloux,,,,,,,
POINT (6.5165 43.84601 0.0),Area AC Castellane  Gratuito: no (5eur/24 h.) Agua: si, Wc: no,,,,,,
POINT (-5.42141 36.28332 0.0),Area AC Castellar de la Frontera  (Gratuito,Agua:si,vaciado:si,WC:no, electric,no),,
POINT (1.34027 42.99998 0.0),Area Ac Castelnau-Durban  (Gratuito,Agua:si,Wc:no,Vaciado:si,Elec:no),,,
POINT (1.35239 44.27445 0.0),Area Ac Castelnau-Montratier  Gratuito, Agua: si (2 eur.), Wc: no, Grises: si, Negras: si, Elect: no,,
POINT (-8.27381 41.03967 0.0),Area AC Castelo de Paiva  (Gratuito,Agua:si,vaciado:si,WC:no, electric,no),,
POINT (7.48541 45.73949 0.0),Area AC Castillo de Fenis  (Gratuito,Agua:si,vaciado:si,WC:no, electric,no),,
POINT (-2.38315 39.66098 0.0),Area AC Castillo de GarcimuÃ±oz  (Gratuito,Agua:si,vaciado:si,WC:no, electric,no),,
POINT (-7.41793 42.37476 0.0),Area Ac Castro Caldelas  (Gratuito,Agua:si,Wc:no,Vaciado:si,Elec:no),,,
POINT (-7.44465 37.22004 0.0),Area Ac Castro Marim  Gratuito, Agua: si, Wc: no,,,,,
POINT (1.52606 41.72947 0.0),Area Ac Catalana de Calaf   (10eur/noche,Agua:si(3eur),Wc:no,Vaciado:si(3eur),Elec:si),,,
POINT (3.64633 50.07606 0.0),Area Ac Catillon-sur-Sambre  (Gratuito,Agua:si:Wc:no,Vaciado:si,Elect:si),,,,
POINT (7.01866 47.6332 0.0),Area AC Cavannes sur Letang  (8eur/noche,Agua:si,Wc:no,Vaciado:si,Elec:?),,,
POINT (10.07243 52.62772 0.0),Area Ac Celle  (Gratuito,Agua:si,Wc:no,Vaciado:si,Elec:no),,,
POINT (-1.59108 48.11816 0.0),Area Ac Cesson-Sevigne  (Gratuito,Agua:si(2eur),Wc:no,Vaciado:si,Elec:si),,,
POINT (-1.26612 38.08146 0.0),Area Ac Ceuti  (Gratuito,Agua:si,Wc:no,Vaciado:si,Elec:?),,,
POINT (-1.26556 47.33826 0.0),Area Ac Champtoceaux  (Precio:3eur/noche,Agua:si,Wc:si,Vaciado:si,Elec:?),,,
POINT (0.45165 45.82484 0.0),Area Ac Chasseneuil sur Bonnieure  (Gratuito,Agua:si,Wc:no,Vaciado:si,Elec:si),,,
POINT (-1.37806 47.70314 0.0),Area Ac Chateaubriant  Gratuito, Agua, si, Wc:no,,,,
POINT (-0.05668 45.59879 0.0),Area Ac Chateneuf sur Charente   (Tarifa:5eur/noche,Agua:si(2eur),Wc:no,Vaciado:si,Elect:?),,,
POINT (10.56248 44.00462 0.0),Area AC Chifenti (Bagni di Lucca)  (Gratuito,Agua:si,vaciado:si,WC:no, electric,si),,
POINT (7.43442 49.05415 0.0),Area Ac Citadelle Bitche  (Gratuito,Agua:si,Wc:si,Vaciado:si,Elec:si),,,
POINT (12.55779 55.65903 0.0),Area AC Citycamp (Copenhage)  (30 euros 2 pax+furgo,Agua:si,vaciado:si,WC:si, electric,si, duchas:si , wifi: si)
POINT (2.20726 41.42423 0.0),Area Ac Citystopbcn  (30eur/noche,Agua:si,WC:si,Elect:4eur,Duchas),,,
POINT (-0.48117 48.91888 0.0),Area ac Clecy  Gratuito, Agua: si (jeton 2eur),Wc: si, Vaciado: si, Elec: no,,,
POINT (7.35834 45.60844 0.0),Area AC Cogne  (10 euros,Agua:si,vaciado:si,electric:si,WC:no),,,
POINT (-8.42958 40.19993 0.0),Area ac Coimbra  (Gratuito,Agua:si,Wc: no,Vaciado:si,Elect:?),,,
POINT (-4.55387 43.3804 0.0),Area Ac Colombres  (Gratuito,Agua:si,Wc:no,Vaciado:si,Elec:no,area privada),,
POINT (2.02558 41.36527 0.0),Area Ac Colonia Guell  (Gratuito,Agua:si,Wc:si),,,,,
POINT (-5.26054 43.48468 0.0),Area Ac Colunga   (4 eur/noche,Agua:si,Wc:si,Vaciado:si,Elec:?),,,
POINT (6.50646 43.70624 0.0),Area Ac Comps-sur Artuby  (Gratuito,Agua:si,Wc:si,Vaciado:si,Elec:si),,,
POINT (-3.92052 47.87897 0.0),Area Ac Concarneu  (Gratuito:no(3eur/noche),Agua:si,Wc:si,Vaciado:si,Elec:?),,,
POINT (5.59955 46.65264 0.0),Area Ac Conliege  Gratuito:Si Agua:SI. WC:SI,,,,,,,
POINT (-8.34332 39.47701 0.0),Area ac Constancia  (Gratuito,Agua:si,Wc:si,Vaciado:si,Elec:no),,,
POINT (-1.31921 44.09353 0.0),Area ac Contis Plage  (Tarifa:11eur/24h,Agua:si,Wc:si,Vaciado:si,Elect:si),,,
POINT (1.95788 44.06432 0.0),Area ac Cordes sur Ciel  (6 euros,Agua:si,vaciado:si,WC:no, electric,si),,
POINT (-4.39832 43.23353 0.0),Area Ac Cosio (Valle de Nansa)  (Area privada,gratuito,agua,wc,vaciado),,,
POINT (0.1783 46.29857 0.0),Area ac CouhÃ©  (Gratuito,Agua:si,Wc:si,Vaciado:si,Elec:no),,,
POINT (-0.34809 44.77655 0.0),Area Ac Creon  (Gratuito,Agua:si(2eur),Wc:no,Vaciado:si,Elec:si),,,
POINT (1.60571 46.45903 0.0),Area Ac Cuzion   (Gratuito,Agua:si:Wc:no,Vaciado:si,Elect:no),,,,
POINT (-0.0226 47.24089 0.0),Area Ac Dampierre sur Loire  (7 euros,Agua:si (2eur),Wc:si,Vaciado:si,Elec:no, Ducha:si 2 eur.),,
POINT (-1.50419 43.28942 0.0),Area AC Dantzarinea  (Gratuito,Agua:si,vaciado:si,WC:no, electric,no),,
POINT (-1.04945 43.71435 0.0),Area ac Dax  Gratuito,Agua:si,Wc:no,Vaciado:si,Elect:?,,,
POINT (-8.06401 38.7005 0.0),Area AC de Arraiolos   (Gratuito,Agua:si,vaciado:si,WC:no, electric,no),,
POINT (-0.11256 42.89361 0.0),Area Ac de Cauterets  Gratuito:no(10eur/dia)Agua:si,Wc:si,Vaciado:si,Electr:si,,,,
POINT (-8.49521 40.11313 0.0),Area AC de Condeixa-A-Nova  (Gratuito,Agua:si,vaciado:si,WC:no, electric,no),,
POINT (-2.01442 43.30792 0.0),Area AC de Donosti  Gratuito: no, Agua: si, Wc: no,,,,,
POINT (-7.25775 43.56322 0.0),Area ac de Foz  (Gratuito,Agua:si,Wc:no,Vaciado:si,Elec:?),,,
POINT (5.60792 48.24051 0.0),Area Ac de Goncourt  Gratuita, Agua: si (2 eur), Wc: no,,,,,
POINT (-2.02963 48.45451 0.0),Area Ac de Lanvallay  (Gratuito,Agua:si,Wc:si,Vaciado:si,Elec:?),,,
POINT (-0.4224 42.98787 0.0),Area Ac de Laruns  6 euros: no, Agua: si (2 eur), Wc: si,,,,,
POINT (-7.51994 37.16536 0.0),Area Ac de Manta Rota  (CIERRA JULIO AGOSTO 5eur/noche,Agua:si,Wc:no,Vaciado:si,Elec:si(2.5eur)),,,
POINT (13.43666 43.52395 0.0),Area Ac de Offagna   (Gratuito,Agua:si,vaciado:si,WC:no, electric.:si),,,
POINT (2.92651 49.92636 0.0),Area AC de Peronne  (Gratuito,Agua:si,vaciado:si,Electr: si 2eur,Wc:no),,,
POINT (-4.74117 42.51855 0.0),Area ac de SaldaÃ±a  Gratuito, Agua: si, wc: no,,,,,
POINT (-9.3835 38.91809 0.0),Area AC de Santa Susan (Pobral)  (Gratuito,Agua:si,vaciado:si,WC:no, electric,no),,
POINT (-1.58398 43.31207 0.0),Area Ac de Sare  (6eur/noche,Agua:si,Wc:si,Vaciado:si,Elec:?),,,
POINT (7.40611 48.23335 0.0),Area Ac de Selestat   (Gratuito,Agua:si,Wc:si,Vaciado:si,Elec:?),,,
POINT (-1.68285 42.52634 0.0),Area Ac de Tafalla  (Gratuito,Agua:si,Wc:si,Vaciado:si,Elec:?),,,
POINT (0.89043 42.16312 0.0),Area Ac de Tremp  Gratuito, agua: si, Wc: no,,,,,
POINT (10.97838 45.43375 0.0),Area Ac de Verona  Gratuito: no (10eur/noche), Agua: si, Wc: no,,,,,
POINT (-1.40689 43.7793 0.0),Area AC de Vieux-Boucau  Agua: Si. WC: ?. Gratuito: No (5eur o 10eur depede temporada),,,,,,,
POINT (-5.74347 41.49793 0.0),Area Ac de Zamora  (Gratuito,Agua:si,Wc:si),,,,,
POINT (6.07499 52.72125 0.0),Area Ac De Zuidercluft (Giethoorn)  (10 furgo+1 eur/pax.,Agua:si,vaciado:si,WC:si, electric,si, ducha,lavadora...)
POINT (2.54679 42.1523 0.0),Area ac del camping Lava (Santa Pau)  Tarifa: 11 eur/noche, Agua:si, Wc: si, Grises: si, Elec: si,,,
POINT (-1.45486 43.59621 0.0),Area Ac des Arenes(Labenne)  (8eur/noche,Agua:si, Wc:si,Vaciado:si:Elec:?),,,,
POINT (10.16844 49.80102 0.0),Area Ac Dettelbach  (Gratuito:no(5eur/24h),Agua:si,Wc:no,Vaciado:si,Elec:no),,,
POINT (1.0866 49.93013 0.0),Area Ac Dieppe  (7 eur/noche,Agua:si,Wc:si,Vaciado:si,Elec:?),,,
POINT (3.97131 46.48085 0.0),Area Ac Digoin  Gratuito,Agua:si,Wc:si,Vaciado:si,Elect:?,,,
POINT (10.32908 49.07818 0.0),Area ac Dinkelsbuhl  (Gratuito:no(10eur),Agua:Si,Wc:si,Vaciado:si,Elect:si),,,
POINT (1.22165 44.80049 0.0),Area AC Domme  Gratuito: no (5 eur/noche), Agua: si (2 eur.), Wc: no,,,,,
POINT (0.97549 42.87535 0.0),Area Ac du Biros (Bonac-Irazein)  (Gratuito,Agua:si,Wc:si,Vaciado:si,Elec:?),,,
POINT (1.36404 50.05831 0.0),Area Ac du Funiculaires (Treport)  (Precio:6eur/24h,Agua:si,Wc:si,Elec:si),,,,
POINT (6.07812 49.4717 0.0),Area AC Dudelange  (Gratuito,Agua:si,vaciado:si,WC:no, electric,si),,
POINT (2.5655 42.86144 0.0),Area Ac Duilhac sous Peyrepertuse  (Gratuito,Agua:si,Wc:si),,,,,
POINT (-2.92624 41.9526 0.0),Area Ac Duruelo de la Sierra  (Gratuito,Agua:si,Wc:no,Vaciado:si,Elec:no),,,
POINT (-5.67451 43.27809 0.0),Area Ac El Cadaviu (Langreo)  (Gratuito,Agua:si,Wc:no,Vaciado:si,Elect:no),,,
POINT (-5.63889 43.28637 0.0),Area Ac El Entrego  (Gratuito,Agua:si,wc:no,Vaciado:si,Elec:no),,,
POINT (-6.09289 42.9565 0.0),Area AC El Moriscal, Huergas de Babia  (5 eur.,Agua:si,vaciado:si,WC:no, electric,no),
POINT (-6.22103 36.59877 0.0),Area Ac El Puerto de Sta Maria  (Area privada,6eur/noche,Agua:no,Wc:no,Vaciado:Si,Elec:no),,
POINT (-2.61568 42.51499 0.0),Area AC Elciego  (Gratuito,Agua:si,vaciado:si,WC:si, electric,2 euros/12 h.),,
POINT (-2.58073 47.73905 0.0),Area Ac Elven  Gratuito: Si, Pernocta: Si Agua: Si WC: Si,,,,,,
POINT (3.11505 41.85776 0.0),Area Ac EmpordArea (Palamos)  (T.A. 20 eur.T.B. 13 eur., Agua:si,Wc:no,Vaciado:si,Elec:si),,,
POINT (1.57858 42.53263 0.0),Area ac Encamp 2  Gratuito: no (15 eur), Agua: si, Wc: si,,,,,
POINT (-8.12141 41.93261 0.0),Area ac Entrimo  Gratuito, Agua: si, Wc: no,,,,,
POINT (2.21584 42.93374 0.0),Area Ac Esperaza  (Gratuito,Agua:si,Wc:no,Vaciado:si,Elec:no),,,
POINT (-3.55759 43.08566 0.0),Area Ac Espinosa de los Monteros  (Gratuito,Agua:si,Wc:no,Vaciado:si,Elect:no),,,
POINT (-0.74806 42.97912 0.0),Area ac estacion esqui La Pierre St Martin  Gratuito, Agua: si, Wc: si,,,,,
POINT (6.12393 45.02367 0.0),Area Ac Estacion esqui Les Deux Alpes  Gratuito: no (6 eur/noche), Agua: no, Wc: no,,,,,
POINT (-8.56634 40.75409 0.0),Area Ac Estarreja  (Precio:2eur/24h,Agua:si,Wc:no,Vaciado:si,Elec:?),,,
POINT (0.21611 49.70039 0.0),Area Ac Etretat  (Precio:8eur/24h,Agua:si,Wc:no,Vaciado:si,Elec:si),,,
POINT (8.41746 48.93586 0.0),Area Ac Ettlingen  (Gratuito,Agua:si,Wc:no,Vaciado:si,Elec:si),,,
POINT (-8.07639 43.39611 0.0),Area AC Eumenatura (Monfero)  (8 euros,Agua:si,vaciado:si,WC:si, electric:si 3eur.,ducha:si, vacia/llenad. 3eur.),
POINT (2.78579 48.87739 0.0),Area ac Eurodisney (Paris)  (Gratuito:no(30 eur/dia),Agua:si,Wc: si),,,,,
POINT (-1.79573 42.39275 0.0),Area ac Falces  (Gratuito,Agua:si,Wc:no,Vaciado:si,Electr:no),,,
POINT (11.98694 54.94865 0.0),Area ac Faro  Gratuito, Agua: si, Wc: si,,,,,
POINT (-8.67272 39.63222 0.0),Area Ac Fatima  Gratuito: Si, Pernocta: Si Agua:  Si WC:Si,,,,,,
POINT (6.28631 45.74963 0.0),Area Ac Faverges  (Gratuito,Agua:si,Wc:no,Vaciado:si,Elec:no),,,
POINT (0.37427 49.76029 0.0),Area Ac Fecamp  (Gratuito,Agua:no,Wc:no,Vaciado:si,Elec:?),,,
POINT (7.31173 47.48877 0.0),Area AC Ferrete  (Gratuito,Agua:2 eur, Electric:2 eur, Vaciado grises:si, negras:si, WC:no),,
POINT (-8.24015 43.49342 0.0),Area Ac Ferrol  Gratuito, Agua: si, Wc: no,,,,,
POINT (8.33785 44.1654 0.0),Area ac Finale Ligure  Tarifa:9eur/12h, Agua: si, Wc:no,Vaciado:si,,,,
POINT (3.59044 44.32586 0.0),Area Ac Florac  (Gratuito,Agua:si(2eur),Wc:si,Vaciado:si,Elec:?),,,
POINT (-8.58452 42.79736 0.0),Area Ac Fogar do Santiso (Teo)  (Gratuito,Agua:si,Wc:no,Vaciado:si,Elect:no),,,
POINT (-6.8519 43.34309 0.0),Area AC Folgueirou (Illano)  (Gratuito,Agua:si,vaciado:si,WC:no, electric,no, piscina, bar)
POINT (-0.02138 44.56051 0.0),Area Ac Fontet  Gratuito: no (7 eur/noche), Agua: si, Wc: si,,,,,
POINT (-1.21102 48.35518 0.0),Area Ac Fougeres  Gratuito, Agua: si, Wc: no,,,,,
POINT (-1.087 45.98174 0.0),Area Ac Fouras  (gratuito:no,agua:de pago,wc:no),,,,,
POINT (0.22974 43.99403 0.0),Area Ac Fources  (7eur/noche,Agua:si:Wc:si,Vaciado:si,Elect:si),,,,
POINT (-9.2201 39.42841 0.0),Area Ac Foz do Areilho  (4 euros,Agua:si,vaciado:si,WC:si, electric.: si 2 euros, duchas:si),,
POINT (-6.64944 38.16982 0.0),Area AC Fregenal de la Sierra  (Gratuito,Agua:si,vaciado:si,WC:si, electric,no),,
POINT (-3.29598 42.76033 0.0),Area Ac Frias  (6eur/noche,Agua:si,Wc:no,Vaciado:si,Elec:no),,,
POINT (7.82561 47.99943 0.0),Area Ac Friburgo  (Tarifa:8eur/noche,Agua:si,Wc:no,Vaciado:si,Elect:si),,,
POINT (-4.41215 42.26485 0.0),Area Ac Fromista  (Gratuito,Agua:si,Wc:no,Vaciado:si,Elec:?),,,
POINT (9.66611 50.55692 0.0),Area Ac Fulda  (Gratuito:no(5eur/24h),Agua:si,Wc:si,Vaciado:si,Elec:si),,,
POINT (0.97209 44.49813 0.0),Area Ac Fumel  Agua: Si, Wc: Si, Gratuito: Si,,,,,
POINT (7.87278 45.70166 0.0),Area AC Gaby  (6 euros,Agua:si,vaciado:si,WC:si, electric,no),,
POINT (9.76614 49.00229 0.0),Area Ac Gaildorf  (Gratuito,Agua:si,Wc:no,Vaciado:si,Elec:?),,,
POINT (11.10716 47.50466 0.0),Area Ac Garmisch-Partenkirchen  (15eur/noche,Agua:si,Wc:si,Vaciado:si,Elec:?),,,
POINT (-0.01932 42.73823 0.0),Area AC Gavarnie  (Tarifa:8 eur/noche,Agua:si,Wc:no,Vaciado:si,Elec:no),,,
POINT (4.23505 46.57769 0.0),Area ac Genelard  Gratuito, Agua: si, Wc: si, Grises: si,,,,
POINT (5.19763 43.91512 0.0),Area Ac Gordes  (8 euros,Agua:si,Wc:no,Vaciado:si,Elec:no),,,
POINT (2.96758 43.57368 0.0),Area AC Gorges de Heric  (6eur/noche,Agua:si,Wc:si,Vaciado:si,Elec:no),,,
POINT (1.38481 44.73399 0.0),Area Ac Gourdon  (Gratuito,Agua:si,Wc:no,Vaciado:si,Elec:si),,,
POINT (-6.87588 43.21565 0.0),Area Ac Grandas  (Gratuito,Agua:si,vaciado:si,WC:no, electric,no),,
POINT (0.02274 39.9799 0.0),Area AC Grao de CastellÃ³n  (Gratuito,Agua:si,vaciado:si,WC:si, electric,no),,
POINT (3.11004 43.09594 0.0),Area Ac Gruissan plage   (8.50eur/24h,Agua:si,Wc:si,Vaciado:si,Elec:si(3eur),duchas),,
POINT (-2.42041 47.3338 0.0),Area AC Guerande  (Gratuito,Agua:si 6 eur.,vaciado:si,WC:no, electric.:si 6 eur.),,,
POINT (-7.87941 43.17727 0.0),Area Ac Guitiriz  (Gratuito,Agua:si,Wc:no,Vaciado:si,Elect:si),,,
POINT (9.35982 52.09552 0.0),Area ac Hamelin  (Gratuito:no(8eur),Agua:no,Wc:no,Vaciado:?,Elect:si),,,
POINT (9.64856 51.42018 0.0),Area Ac Hannoversch Munden  (Gratuito:no(6eur/24h),Agua:si,Wc:si,Vaciado:si,Elec:si),,,
POINT (3.31089 50.84602 0.0),Area Ac Harelbeke  (16 eur/noche,Agua:si,WC:no,vaciado:si,Elect:no),,,
POINT (9.34615 50.56852 0.0),Area ac Herbstein  Gratuito,Agua:si,Wc:no,Vaciado:si,Elect:si(1eur),,,
POINT (9.41451 51.02763 0.0),Area Ac Homberg  Gratuito,Agua:si(1eur),Wc:si,Vaciado:si,Electr:si(gratis),,,
POINT (-3.16446 41.8439 0.0),Area ac Hontoria del Pinar  (Gratuito,Agua:si,Wc:no,Vaciado:si,Elect:no),,,
POINT (-1.38536 42.77624 0.0),Area Ac hotel Ekai   Area privada junto a restaurante. Gratuito, agua, wc y duchas.,,,,,
POINT (14.42246 46.16882 0.0),Area AC Hotel Kanu  (10 eur/furgo,Agua:si,vaciado:si,WC:si, electric:si, duchas:si),,
POINT (20.29344 49.161 0.0),Area ac Hotel Slenecny Dom   (Precio:10eur/noche,Agua:si,Wc:si,Vaciado:si,Elec:si),,,
POINT (-4.03972 37.18611 0.0),Area Ac Huetor-Tajar  (Gratuito,Agua:si,Wc:si,Vaciado:si,Elect:no),,,
POINT (10.96335 50.86823 0.0),Area Ac Ichtershausen  (Gratuito,Agua:si,Wc:no,Vaciado:si,Elec:si),,,
POINT (-8.8693 42.53566 0.0),Area AC Illa de Arousa  (12 euros ,Agua:si,vaciado:si,WC:no, electric.:si 3 euros, abierto JUN.,JUL. AGOST),
POINT (-1.97101 43.29782 0.0),Area Ac Illunbe (San Sebastian)  (Gratuito,Agua:si,Wc:no,Vaciado:si,Elect: no),,,
POINT (-1.85359 37.26221 0.0),Area Ac Indalo   (10eur/noche,Agua:si,Wc:si,Vaciado:no,Elec:?),,,
POINT (-0.25736 44.5446 0.0),Area ac Intermarche de Langon  (Gratuito,Agua:si,Wc:no,Vaciado:si,Elec:?),,,
POINT (-0.54552 42.56766 0.0),Area Ac Jaca  (Gratuito,Agua:si,vaciado:si,WC:no, electric,no),,
POINT (-1.07611 39.18758 0.0),Area Ac Jalance  (Gratuito,Agua:si,Wc:no,Vaciado:si,Elec:no),,,
POINT (-1.61161 47.62161 0.0),Area ac Jans  Gratuito, Agua:si,Wc:si, Vaciado: si, Elec: no,,,
POINT (21.50917 65.14335 0.0),Area AC Javre (E4)  (Gratuito,Agua:si,vaciado:si,WC:si, electric,no),,
POINT (6.0439 59.0173 0.0),Area ac Jorpeland  (Tarifa:13eur/24h,Agua:Si,Wc:si,Vaciado:no,Elec:si,Ducha:si),,
POINT (-2.55029 47.95631 0.0),Area Ac Josselin  Gratuito, Agua: si (2 eur), Wc: si,,,,,
POINT (0.81484 49.4308 0.0),Area AC JumiÃ¨ges  (Gratuito,Agua:si 3 euros,vaciado:si,WC:no,electric:no),,,
POINT (16.38084 56.68133 0.0),Area AC Kalmar  (Gratuito,Agua:si,vaciado:si,WC:si, electric,no),,
POINT (15.59416 56.16987 0.0),Area AC Karlskrona  (Gratuito,Agua:si,vaciado:si,WC:no, electric,no),,
POINT (7.26188 48.13608 0.0),Area AC Kayserberg  (8 eur/dia,Agua:si,vaciado:si,WC:si, electric,no),,
POINT (7.8165 48.5634 0.0),Area Ac Kehl  (8euros,Agua:si 1 eur,Wc:no,Vaciado:si,Elec:si 0.50 eur/kw),,,
POINT (-2.8584 47.52218 0.0),Area ac Kerver  (Precio:6eur/noche,Agua:si,Wc:no,Vaciado:si,Elec:no),,,
POINT (4.71607 52.01281 0.0),Area ac Klein Amerika (Gouda)  Tarifa:7 eur/dia,Agua:no:Wc:si (de pago),,,,,,
POINT (-2.96401 43.25968 0.0),Area Ac Kobetamendi (Bilbao)  15eur-dia,Agua Si, WC Si,,,,,
POINT (16.29915 48.33522 0.0),Area AC Kritzendorf  (Gratuito,Agua:si,Wc:no,Vaciado:si,Elec:?),,,
POINT (0.67527 40.65913 0.0),Area Ac L Encanyissada  Gratuito,Agua: si (3 eur.), Wc: si: Sumidero grises y negras,,,,,
POINT (-6.11623 40.48848 0.0),Area Ac La Alberca  (Gratuito,Agua:si,Wc:no,Vaciado:si,Elect:no),,,
POINT (-4.78079 41.91119 0.0),Area Ac La Ampudia  (Gratuito,Agua:si,wc:no,Vaciado:si,Elec:?),,,
POINT (-1.47701 48.60376 0.0),Area Ac La Bidonniere (Ardevon)  (12.50eur/noche, Agua: si, Wc, si, duchas, wifi),,
POINT (-2.43577 39.39714 0.0),Area AC La Celadilla, San Clemente  (Gratuito,Agua:si,vaciado:si,WC:no, electric,no),
POINT (-2.21501 46.96568 0.0),Area Ac La Gueriniere  (12eur/noche,Agua:si:Wc:no,Vaciado:si,Elect:si),,,,
POINT (-0.95707 39.89176 0.0),Area Ac La Llesa  (Gratuito,Agua:si,vaciado:si,WC:no, electric,si),,
POINT (-6.10098 43.15947 0.0),Area AC La Plaza (Teverga)  (Gratuito,Agua:si,vaciado:si,WC:no, electric,no),,
POINT (-2.4313 37.9593 0.0),Area Ac La Puebla de Don Fadrique  (Gratuito,Agua:si,wc:no,Vaciado:Si,Elec:no),,,
POINT (-1.4184 46.6683 0.0),Area Ac La Roche Sur Yon  (Gratuito,Agua:si,Wc:si,Vaciado:si,Elec:?),,,
POINT (0.1727 40.41604 0.0),Area AC La Salzadella  (Gratuito,Agua:si,Wc:no,Vaciado:si,Elec:no),,,
POINT (1.46506 42.35876 0.0),Area Ac La Seu dUrgell  (Gratuito,Agua,si:Wc:no,Vaciado:si,Electr:si),,,
POINT (9.85907 44.10417 0.0),Area Ac La Spezia  (6eur/noche,Agua:si ,Vaciado:si, Elec:si 6 euros, Wc:si 0,50 euros),,
POINT (-1.1481 44.65154 0.0),Area ac La Teste de Buch  Gratuito,Agua:si,Wc:no,Vaciado:si,Elec:no,,,
POINT (1.18395 44.82434 0.0),Area Ac La-Roque-Gageac  (7 eur/noche,Agua:si(2 eur),Wc:no,Vaciado:si,Elec:no),,,
POINT (-2.79458 42.58719 0.0),Area Ac Labastida  (Gratuito,Agua:si,Wc:no,Electr:si(2eur/h)),,,,
POINT (-1.15096 44.32886 0.0),Area Ac Lac de Gastes  (de 2 a 7eur/noche,Agua:si,Wc:si,Vaciado:si,Elec:no),,,
POINT (5.71451 48.93806 0.0),Area Ac Lac de Madine  (10eur/24h,Agua:si,Wc:si,Vaciado:si,Elec:no),,,
POINT (1.31891 47.47935 0.0),Area Ac Lac de Ouchamps  (Gratuito,Agua:si:Wc:si,Vaciado:si,Elect:?),,,,
POINT (3.38939 43.64677 0.0),Area Ac Lac de Salagou  (7eur/noche,Agua:si,Wc:si,Vaciado:si,Elec:no),,,
POINT (-1.08447 44.48619 0.0),Area Ac Lac de Sanguinet  (8eur/noche,Agua:si,Wc:si,Vaciado:si,Elec:no),,,
POINT (5.69212 46.46733 0.0),Area ac Lac de Vouglans  (6eur/24h,Agua:si(2eur),Wc:si,Vaciado:si,Elec:no),,,
POINT (6.30367 46.8125 0.0),Area AC Lago de Saint-Point  (7,50 euros/24h Agua:Si WC:Si),,,,,,
POINT (-8.67895 37.11581 0.0),Area Ac Lagos  (3eur/noche,Agua:si(1eur),Wc:si,Vaciado:si,Elec:no),,,
POINT (2.62028 43.09275 0.0),Area Ac Lagrasse  (6 euros,Agua:si,vaciado:si,WC:si, electric,no),,
POINT (-4.77684 48.44747 0.0),Area Ac Lampaul Plouarzel  (Precio:7eur/24h,Agua:si,Wc:si,Elec:no),,,,
POINT (-4.03826 48.49433 0.0),Area ac Lampaul-Guimiliau  (Gratuito,AGua:si,Wc:no,Vaciado:si,Elec:no),,,
POINT (-3.43927 43.2176 0.0),Area Ac Lanestosa  (5eur/noche,Agua:si,Wc:si,Vaciado:si,Duchas:si,Elec:si),,
POINT (18.03195 59.32021 0.0),Area AC Langholmens Estocolmo  (300 SEK,Agua:si,vaciado:si,WC:si, electric,si, duchas:si 5 SEK),
POINT (-0.21663 44.52666 0.0),Area Ac Langon  (Gratuito:no,Agua:si,Wc:si,Vaciado:si,Elec:?,Area privada),,
POINT (2.12998 43.70418 0.0),Area Ac Lautrec  (Gratuito,Agua:si,Wc:no,Vaciado:si,Elec:?),,,
POINT (2.83773 42.52724 0.0),Area Ac Le Boulou  Gratuito, Agua: si, Wc: si,,,,,
POINT (3.51746 43.28591 0.0),Area Ac Le Cap d Agde  (10eur/noche,agua:si,Wc:no),,,,,
POINT (-3.82716 48.708 0.0),Area Ac Le Diben  (Gratuito,Agua:si,Wc:si,Vaciado:si,Elec:no),,,
POINT (6.43199 43.15187 0.0),Area ac Le Lavandou  Tarifa: 15 eur/noche, Agua: Si, wc: si, Grises: si, Elec:no,,,
POINT (-1.05453 45.54596 0.0),Area Ac Le Verdon-sur-Mer  Gratuito No(5eur)  Agua:Si(2eur) WC:No,,,,,,,
POINT (-2.5072 43.35839 0.0),Area ac Lekeitio  Gratuito, Agua: si, Grises: si, Electr: no,,,,
POINT (0.52525 44.88311 0.0),Area Ac Lembras  (Gratuito,Agua:si:Wc:no,Vaciado:si,Elect:si),,,,
POINT (-5.58494 42.60462 0.0),Area ac Leon  (Gratuito,Agua:si,Wc:si,Vaciado:si,Elec:no),,,
POINT (2.28419 42.23575 0.0),Area Ac les 5 Fonts  (Gratuito,Agua:si,Wc:no,Vaciado:si),,,,
POINT (2.06857 42.56351 0.0),Area Ac Les Angles  (11 euros,Agua:si ,Wc:si,Llenado y Vaciado:si 3 euros),,,,
POINT (6.73533 44.93427 0.0),Area Ac Les Marmotes (Montgenevre)  (10eur/24h,Agua:si,Wc:no,Vaciado:si,Elec:si),,,
POINT (-1.4834 46.22943 0.0),Area ac Les Portes en Re (Isla de Re)  (10eur/noche,Agua:si,Wc:si,Vaciado:no,Elec:?),,,
POINT (1.00952 44.93885 0.0),Area Ac Les-Eyzies-de-Tayac  Gratuito: no(4eur/noche), Agua: si, Wc: si,,,,,
POINT (3.01995 42.91385 0.0),Area AC Leucate Le Goulet (Lago)  (13,80 eur/24h,Agua:si,vaciado:si,WC:si, electric,no),
POINT (3.05271 42.90023 0.0),Area AC Leucate plage  (13,80 euros/24h:Vaciado:si.Agua:Si WC:Si),,,,,,
POINT (9.70041 47.55847 0.0),Area Ac Lindau  (Tarifa:10eur/noche, Agua: si(0.50eur),Vaciado:si, Wc:no),,,,
POINT (1.81846 43.86204 0.0),Area ac Lisle sur Tarn  Gratuito, Agua: si, Wc: no,,,,,
POINT (-1.90135 43.26799 0.0),Area ac Listorreta  (Gratuito,Agua:si,Wc:si,Vaciado:si,Elect:no),,,
POINT (7.46294 45.41292 0.0),Area Ac Locana-Nusiglie  (5eur/24h,Agua:si,Wc:si,Vaciado:si,Elec:si(3eur)),,,
POINT (-4.2124 48.09817 0.0),Area Ac Locronan  (6 euros, Vaciado:si, Agua: 2 eur, elect:2 eur/hora, Wc:si),,,
POINT (-2.45729 42.47809 0.0),Area ac LogroÃ±o  Gratuito, Agua: si, Wc: no, Grises: si,,,,
POINT (-5.47919 39.33305 0.0),Area Ac Logrosan  Gratuito, Agua: si, Wc: no,,,,,
POINT (-1.25806 38.07944 0.0),Area Ac Lorqui  (Gratuito,Agua:si,Wc:no,Vaciado:si,Elec:no),,,
POINT (10.4886 43.84024 0.0),Area Ac Lucca  (16eur/noche,Agua:si,Wc:?),,,,,
POINT (10.63311 45.46066 0.0),Area ac Lugana Marina (Lago di Garda)  Tarifa:20eur/24h,Agua:si,Wc:si,Vaciado:si,Elect:si(3eur),,,
POINT (-7.56139 43.00445 0.0),Area Ac Lugo  Gratuito, Agua: si, Wc: no,,,,,
POINT (-5.81086 43.40706 0.0),Area Ac Lugones  (Gratuito,Agua:si,Wc:no,Vaciado:si,Elec:no),,,
POINT (-7.72207 42.40932 0.0),Area AC Luintra  (Gratuito,Agua:si,vaciado:si,WC:no, electric,no),,
POINT (7.22823 45.43396 0.0),Area Ac Lungolago (Ceresole Reale)  (Gratuito:no(8eur/noche),Agua:si,Wc:si,Vaciado:si,Elec:no),,,
POINT (-8.85318 42.63352 0.0),Area Ac MaÃ±ons (Boiro)  Gratuito, Agua: si, Wc: si,,,,,
POINT (-6.95713 41.53762 0.0),Area Ac Macedo de Cavaleiros  Gratuito, Agua: si, Wc: no,,,,,
POINT (-5.18356 43.04908 0.0),Area AC Mampodre (MaraÃ±a)  (6 eur/dia,Agua:si, vaciado:si, WC:si, electric,si 3 eur., Ducha:si),
POINT (9.31547 45.91843 0.0),Area Ac Mandello de Lario  (10 euros,Agua:si,Wc:no,Vaciado:si,Elec:no),,,
POINT (8.77528 50.80368 0.0),Area ac Marburg  (Gratuito:no(8eur),Agua:Si,Wc:si,Vaciado:si,Elect:si),,,
POINT (10.27903 43.67857 0.0),Area Ac Marina di Pisa  (8eur/noche,Agua:si,Wc:si,Vaciado:si,Elect:si),,,
POINT (9.34382 42.86634 0.0),Area AC Marine de Giotani (Barrittali)  (10eur/noche,Agua:si,vaciado:si,WC:no, electric,no),,
POINT (5.10465 52.4565 0.0),Area Ac Marken  Gratuito: no, Agua: no, Wc: si,,,,,
POINT (12.47127 37.88929 0.0),Area AC Marsala  (Gratuito,Agua:si,vaciado:si,WC:si, electric,no),,
POINT (1.03811 46.8055 0.0),Area Ac Martizay  (Gratuito,Agua:si,WC:si),,,,,
POINT (1.77321 41.36806 0.0),Area ac Masia Can Batlle (AvinyÃ³ Nou)  Gratuito, Agua: si, Wc: no, Grises: si, Electr: no,,,
POINT (3.09813 42.07503 0.0),Area Ac Massis del Montgri  (10eur/noche,Agua:si,WC:si,Electr:si,Duchas:si),,,
POINT (7.22835 50.32236 0.0),Area Ac Mayen   (Gratuito,Agua:si,Wc:no,Vaciado:no,Elec:no),,,
POINT (-2.43203 41.17138 0.0),Area Ac Medinaceli  Gratuito, Agua: si, Wc: no,,,,,
POINT (14.81341 68.4941 0.0),Area AC Melbu - Vesteralen  (11,35 eur.,Agua:si,vaciado:si,WC:no, electric,si),
POINT (-2.49115 47.40462 0.0),Area AC Mesquer - Quimiac  Gratuito: Si, Agua: No, WC: No,,,,,
POINT (-1.40081 43.81613 0.0),Area ac Messanges Plage  (10.8eur/24h,Agua:si:Wc:si, Electricidad: si),,,,,
POINT (0.30922 43.43304 0.0),Area ac Mielan  (Gratuito,Agua:si,Wc:si,Vaciado:si,Elect:?),,,
POINT (-1.2821 44.21276 0.0),Area Ac Mimizan Plage II   ,(Gratuito:no(6eur/24h),Agua:si,Wc:no,Vaciado:si,Elec:?),,
POINT (1.87394 43.08502 0.0),Area ac Mirepoix  Gratuito,Agua:si,Wc:si,Vaciado:si,Eletr:no,,,
POINT (-7.37014 43.42769 0.0),Area Ac MondoÃ±edo  Gratuito, Agua: si, Wc: no,,,,,
POINT (6.2322 50.554 0.0),Area Ac Monschau   (7eur/noche,Agua:si,Wc:no,Vaciado:si,Elec:si),,,
POINT (2.12249 42.50764 0.0),Area Ac Mont-Louis  (5eur/noche,Agua:si,Wc:no,Vaciado:si,Elec:no),,,
POINT (6.79132 47.50663 0.0),Area Ac Montbeliard  Gratuito Si  Agua potable:Si WC:No,,,,,,,
POINT (-0.18348 45.21796 0.0),Area AC Montguyon  (Gratuito, Agua:si, vaciado:si, Wc:si),,,,
POINT (1.20173 47.15773 0.0),Area AC Montresor  (Gratuito,Agua:si,vaciado:si,WC:no, electric,no),,
POINT (0.18939 41.91864 0.0),Area Ac Monzon  (Gratuito,Agua:si,Wc:si,Vaciado:si,Elec:?),,,
POINT (-0.09144 40.62407 0.0),Area Ac Morella  (Gratuito,Agua:si,Wc:no),,,,,
POINT (-3.83156 48.57417 0.0),Area Ac Morlaix  (Gratuito,Agua:si,Wc:si,Vaciado:si,Elec:?),,,
POINT (3.32464 46.55806 0.0),Area Ac Moulins  (10eur/noche,Agua:si:Wc:no,Vaciado:si,Elect:si),,,,
POINT (0.81055 46.33329 0.0),Area Ac Moulismes  Gratuito, Agua: si (2 eur.), Wc: si,,,,,
POINT (-1.48139 38.03972 0.0),Area ac Mula  (Gratuito,Agua:Si,Wc:no,Vaciado:si,Elect:?),,,
POINT (-0.06916 46.37796 0.0),Area AC Museo de los Tumulos (Bougon)  (Gratuito,Agua:si, Electri:si, Vaciado grises:si, negras:no, WC:si),,
POINT (-9.21275 43.09903 0.0),Area AC MuxÃ­a  (Gratuito,Agua:si,vaciado:si,WC:no, electric,no),,
POINT (6.19342 48.69226 0.0),Area Ac Nancy  (16,50 eur/24h,Agua:si,Wc:si,Vaciado:si,Elec:si, duchas:si),
POINT (5.60363 46.15671 0.0),Area ac Nantua  (Tarifa:7eur/noche,Agua:si,Wc:si),,,,,
POINT (1.90929 41.75669 0.0),Area Ac Navarcles  Gratuito, Agua: si, Wc: no,,,,,
POINT (-6.54168 43.40394 0.0),Area Ac Navelgas  (Gratuito,Agua:si,Wc:si,Vaciado:si,Elec:?),,,
POINT (-6.72217 43.545 0.0),Area Ac Navia  (Gratuito,Agua:si,Wc:si,Vaciado:si,Elec:?),,,
POINT (-8.73342 42.91201 0.0),Area AC Negreira  (Gratuito,Agua:si,vaciado:si,WC:no, electric,no),,
POINT (17.23397 40.78257 0.0),Area AC Nel Verde (Alberobello)  (18 euros,Agua:si,vaciado:si,WC:no, electric,si),,
POINT (-2.25208 47.0008 0.0),Area Ac Noirmoutier     (8eur/noche,Agua:si:Wc:no,Vaciado:si,Elect:si),,,,
POINT (10.48438 48.85535 0.0),Area ac Nordlingen  Gratuito,Agua:si,Wc:si,Vaciado:si,Elec:si(1eur/8h),,,
POINT (6.03648 46.77252 0.0),Area Ac Nozeroy  Gratuito: no (5 eur/noche), Agua: si, WC:si, Ducha: si,,,,
POINT (-7.93867 43.53751 0.0),Area AC O Carballo (As Somozas)  (Gratuito,Agua:si,vaciado:si,WC:si, electric,no),,
POINT (-8.83372 42.27555 0.0),Area AC O Igrexario  (Area privada,12 Euros,Agua:si,vaciado:si,WC:si, electric,si 3 eur),
POINT (-2.40563 43.02792 0.0),Area AC OÃ±ati  (Gratuito,Agua:si,vaciado:si,WC:si, electric,no),,
POINT (10.28578 47.40849 0.0),Area Ac Oberstdorf  (Gratuito:no(17.2eur),Agua:si,Wc:si,Vaciado:si,Elec:?),,,
POINT (-9.15703 39.3564 0.0),Area Ac Obidos  Gratuito: no (6 eur/noche), Agua: si (2 eur), Wc: no,,,,,
POINT (9.51126 49.19718 0.0),Area Ac Ohringen   ,(Gratuito:no(8eur/24h),Agua:si,Wc:si,Vaciado:si,Elec:si),,
POINT (-1.64719 42.48027 0.0),Area AC Olite  (Gratuito,Agua:si,vaciado:si,WC:no, electric,no),,
POINT (-0.60846 43.18371 0.0),Area ac Oloron St Marie  (Gratuito,Agua:si(de pago),Wc:no,Vaciado:si,Elec:si(de pago)),,,
POINT (7.39047 47.49189 0.0),Area AC Oltingue  (Gratuito,Agua:2 eur, Electric:2 eur, Vaciado grises:si, negras:si, WC:si),,
POINT (-5.25306 36.94139 0.0),Area ac Olvera (Via verde de la Sierra)  (7 euros,Agua:si,Wc:no,Vaciado:si,Elec:si),,,
POINT (1.02518 45.93565 0.0),Area Ac Oradour-su-Glane  Gratuito: si, Agua: si, Wc: si,,,,,
POINT (-1.48806 43.17861 0.0),Area AC Ordoki  (Gratuito,Agua:si,vaciado:si,WC:no, electric,no),,
POINT (8.41193 45.79726 0.0),Area Ac Orta San Giulio  Gratuito,Agua:si,Wc:si,Vaciado:si,Elec:no,,,
POINT (-6.73389 43.56083 0.0),Area ac Ortiguera  (Gratuito,Agua:si,Wc:no,Vaciado:si,Elec:?),,,
POINT (10.6759 59.91824 0.0),Area ac Oslo  (Tarifa:25eur/24h,Agua:Si,Wc:si,Vaciado:no,Elec:si,Ducha:si),,
POINT (-7.64381 43.56505 0.0),Area Ac Ourol   (Gratuito,Agua:si,Wc:no),,,,,
POINT (-5.82377 43.38283 0.0),Area Ac Oviedo  (Gratuito,Agua:si,Wc:no,Vaciado:Si,Elect:no),,,
POINT (-3.04694 48.7825 0.0),Area Ac Paimpol  Gratuito: si, Agua: si, Wc: no,,,,,
POINT (-7.57146 42.38278 0.0),Area Ac Parada de Sil  Gratuito, Agua: si, Wc: si,,,,,
POINT (0.06661 38.649 0.0),Area AC Paraiso Camper (Calpe)  (12eur/24h,Agua:si,Wc:si,Vaciado:si,Elec:si 2 eur),,,
POINT (10.53539 44.58931 0.0),Area AC Parco Pineta Vezzano  (De pago,Agua:si,vaciado:si,WC:no, electric,si),,
POINT (10.21881 43.90804 0.0),Area AC Park Kennedy  (25eur, Agua:si, vaciado:si, Wc:si, electric: si, ducha:1eur),,
POINT (1.10247 51.26232 0.0),Area AC Park&Ride Canterbury  (3 libras,Agua:si,vaciado:si,WC:si, electric,no,,
POINT (9.33596 41.56393 0.0),Area AC Parking de la plage Giuseppe, Plage Palomb  (10eur/noche,Agua:si,Wc:no,Duchas:si, Electr: no),,
POINT (0.40647 40.37837 0.0),Area AC parking Els Daus (PeÃ±iscola)  (6 eur/24 h,Agua:si,vaciado:si,WC:si, electric,no),,
POINT (-4.78726 37.87431 0.0),Area AC Parking Los Custodios (Cordoba)  (17,95eur,agua:si 2 eur, eletr.: si 2 eur/hora,Wc:si),,,
POINT (-8.24369 37.0983 0.0),Area Ac Parque de Palmeira (Albufeira)  (7eur/noche,Agua:si,Wc:si,Vaciado:si,Elec:no),,,
POINT (-4.46118 37.9671 0.0),Area Ac Pedro Abad  (Gratuito,Agua:si,Wc:no,Vaciado:si,Elect:no),,,
POINT (5.15376 43.62857 0.0),Area Ac Pelissane  (Gratuito,Agua:si:Wc:no,Vaciado:si,Elect:no),,,,
POINT (-7.28626 42.46894 0.0),Area ac Pena da Mula (Quiroga)  Gratuito, Agua, si, Wc: no, Grises: si, Negras: si, Electr: no,
POINT (0.73078 45.18768 0.0),Area Ac Perigueaux  (6eur/24h,Agua:si,Wc:no,Vaciado:si,Elect:?),,,
POINT (0.15718 42.78636 0.0),Area Ac Piau Engaly  (7.5eur/24h,Agua:si, Wc:si,Vaciado:si,Electr:si),,,
POINT (-0.07718 42.96053 0.0),Area Ac Pierrefitte-Nestalas  Gratuito: si Agua: Si WC: si,,,,,,,
POINT (-3.6907 40.2383 0.0),Area AC Pinto  (Gratuito:No.Agua:Si WC:Si),,,,,,,
POINT (-0.35694 42.50571 0.0),Area Ac Pirenarium (SabiÃ±anigo)  (4eur/noche,Agua:si,Wc:si,Vaciado:si,Elect:si),,,
POINT (-4.19818 47.79894 0.0),Area Ac Plage des Sables Blancs  Gratuito, Agua: si, Wc: si,,,,,
POINT (0.39331 40.57582 0.0),Area Ac Planes del Reine  (8eur/noche,Agua:si,Wc:si,Vaciado:si,Duchas:si,Elec:si),,
POINT (4.44875 45.37474 0.0),Area Ac Planfoy   (Gratuito,Agua:si(2eur),Wc:no,Vaciado:si,Elec:si),,,
POINT (3.05792 41.81022 0.0),Area AC Platja d Aro  (8EUR/24h.Agua:Si WC:No),,,,,,,
POINT (-5.69571 43.5445 0.0),Area Ac Playa del Arbeyal (Gijon)  (Gratuito,Agua:si,Wc:no,Vaciado:si,Elec:no),,,
POINT (-1.5346 43.50672 0.0),Area Ac Playa des Corsaires (Anglet)  Gratuito: no (6 eur/48h.), Agua: si, wc: no,,,,,
POINT (-2.14482 48.58029 0.0),Area Ac Ploubalay  (Gratuito,Agua:si,Wc:si,Vaciado: si,Elec:no),,,
POINT (-3.79212 48.69406 0.0),Area ac Plougasnou  Gratuito, Agua: si, Wc:no, Vaciado: si: Elec:si,,,,
POINT (-4.70729 48.33771 0.0),Area Ac Plougonvelin  (Gratuito:no(6eur/24h)Agua:si,Wc:si,Vaciado:si,Ducha:si),,,,
POINT (-7.39408 42.56932 0.0),Area ac Pobra do Brollon  (Gratuito,Agua:si,Wc:no,Vaciado:si,Elect:no),,,
POINT (-5.56842 43.25484 0.0),Area ac Pola de Laviana  (Gratuito,Agua:si,Wc:si,Vaciado:si,Elec:?),,,
POINT (-0.82864 43.62839 0.0),Area Ac Pomarez  (Gratuito,Agua:si,Wc:no,Vaciado:si,Elec:si),,,
POINT (-6.5869 42.54372 0.0),Area Ac Ponferrada  (Gratuito,Agua:si,Vaciado:siWc:no),,,,,
POINT (6.06122 48.90235 0.0),Area Ac Pont-a-Mousson     (8eur/24h,Agua:si,Wc:si,Vaciado:si,Elec:si),,,
POINT (-8.65615 42.42291 0.0),Area Ac Pontevedra  (Gratuito,Agua:si, Wc:no,Vaciado:si,Elect:?),,,
POINT (-2.09178 47.12075 0.0),Area Ac Pornic  (Gratuito,Agua:si:Wc:no,Vaciado:si,Elect:no),,,,
POINT (-1.09008 45.94716 0.0),Area Ac Port des Barques  (8 eur/noche,Agua:si(2eur),Wc:no,Vaciado:si,Elec:?),,,
POINT (3.11373 42.51776 0.0),Area ac Port Vendres  (10 euros,Agua:si,Wc:si,Vaciado:si,Elect:no),,,
POINT (9.84879 44.05962 0.0),Area Ac Portovenere  Gratuito: no, Agua: si, Wc: no,,,,,
POINT (-4.91753 43.15212 0.0),Area Ac Posada de Valdeon  (10 eur/noche,Agua:Si,Wc:si,Vaciado:Si,Elect:si, ducha frÃ­a),,
POINT (-7.22189 40.22981 0.0),Area ac praia fluvial O Moinho  (Gratuito,Agua:si,Wc:no,Vaciado:si,Elec:?),,,
POINT (-3.48327 39.32651 0.0),Area Ac Puerto Lapice  (Gratuito,Agua:si,wc:no,Vaciado:si,Elec:si),,,
POINT (-7.27758 39.34073 0.0),Area Ac Puerto Roque  (Gratuito,Agua:si,Wc:no,Vaciado:si,Elec:si),,,
POINT (2.01246 43.5687 0.0),Area Ac Puylaurens  (Gratuito,Agua:si,Wc:no,Vaciado:si,Elec:no),,,
POINT (2.83923 41.93956 0.0),Area Ac Quart d Onyar   (Gratuito,Agua:si,Wc:no,Vaciado:si,Elec:no),,,
POINT (-8.07721 37.07342 0.0),Area Ac Quarteira  (Precio:2eur/noche,Agua:si,Wc:no,Vaciado:si,Elec:?),,,
POINT (11.13946 51.79103 0.0),Area Ac Quedlinburg  (15 eur/noche,Agua:si,Wc:si,Vaciado:si,Elec:si),,,
POINT (11.77516 42.89456 0.0),Area AC Radicofani (Valle de Orcia)  (Gratuito,Agua:si,vaciado:si,WC:no, electric,no),,
POINT (9.26554 55.70675 0.0),Area Ac Randbol  (Gratuito,Agua:si,Wc:si,Vaciado:si,Elec:no),,,
POINT (-0.39716 43.15689 0.0),Area Ac Rebenacq   (Gratuito,Agua:si,vaciado:si,WC:si, electric,si),,
POINT (4.09242 39.98514 0.0),Area Ac Recinto ferial (Es Mercadall)  (8 euros,Agua:si,vaciado:si,WC:si, electric,si, duchas:si),
POINT (2.91386 42.41864 0.0),Area AC Rest. Can Pau de Cantallops  (Gratuito,Agua:si,vaciado:si,WC:si, electric,no),,
POINT (1.13397 42.43908 0.0),Area Ac Rialp  (Gratuito,Agua:si,Wc:no,Vaciado:si,Elec:no),,,
POINT (8.75769 55.32483 0.0),Area ac Ribe  (Gratuito, Agua:si, Wc:si,Vaciado:si,Elec:no),,,
POINT (2.19365 42.20253 0.0),Area Ac Ripoll  (Gratuito,Agua:si,Wc:no,Vaciado:Si,Electr:no),,,
POINT (-0.95563 45.94459 0.0),Area Ac Rochefort  (Gratuito,Agua:si,Wc:si,Vaciado:si,Elec:no),,,
POINT (10.42847 43.3984 0.0),Area Ac Rosignano Solvay  Gratuito:no(30eur/noche),Agua:si,Wc:no,Vaciado:si,,,,
POINT (9.97036 49.50721 0.0),Area Ac Rottingen  Gratuito: si, Agua: si, Wc: si,,,,,
POINT (7.29559 47.95573 0.0),Area ac Rouffach  (Gratuito,Agua:si(jeton),Wc:si,Vaciado:si,Elec:no),,,
POINT (13.64519 45.08894 0.0),Area Ac Rovinj  Gratuito: no (25kn/hora), Agua: si, Wc: si,,,,,
POINT (2.46492 42.02585 0.0),Area AC Rupit  (5 euros,Agua:si 1 euro/50l.,vaciado:si,WC:si, electric.:no),,,
POINT (6.66186 47.92057 0.0),Area Ac Rupt sur Moselle  Gratuito:si Agua:si WC:no,,,,,,,
POINT (-2.75989 42.55933 0.0),Area Ac S.Vicente de la Sonsierra  (Gratuito,Agua:si,Wc:no,Vaciado:si,Elect:?),,,
POINT (-8.25381 43.35474 0.0),Area Ac Sada  (Gratuito,Agua:si,Wc:no,Vaciado:si,Elec:no),,,
POINT (2.0377 42.45764 0.0),Area Ac Saillagouse  Gratuito, Agua: si, Wc: si,,,,,
POINT (-3.01287 48.18293 0.0),Area Ac Saint Aignan  (Gratuito,Agua:si,Wc:si,Vaciado:si,Elec:no),,,
POINT (2.48668 46.73438 0.0),Area Ac Saint Amand Montrond  (Gratuito,Agua:no,Wc:si,Vaciado:si,Elec:?),,,
POINT (-0.99979 45.60424 0.0),Area Ac Saint George de Didonne   (7eur/noche,Agua:si,Wc:no,Vaciado:si,Elec:?),,,
POINT (7.37232 48.23244 0.0),Area Ac Saint Hippolyte  (Gratuito,Agua:si,Wc:no,Vaciado:si,Elec:?),,,
POINT (-0.53689 45.94528 0.0),Area AC Saint Jean dAngely  (7eur,Agua:si,vaciado:si,WC:si, electric,no),,
POINT (0.92877 43.14181 0.0),Area AC Saint Martory  (3eur/dÃ­a ,Agua:si,vaciado:si,WC:si, electric,no),,
POINT (6.58173 48.04526 0.0),Area Ac Saint Nabord  Gratuito, agua potable, WC:no,,,,,
POINT (-0.6049 45.14795 0.0),Area AC Saint Paul  (Gratuito.Agua:Si WC:No),,,,,,,
POINT (-1.07854 43.73436 0.0),Area AC Saint Paul les Dax  (Gratuito,Agua:si,Wc:no,Vaciado:si,Elect:no),,,
POINT (-0.40186 44.9639 0.0),Area Ac Saint Romain de Virvee  (Gratuito,Agua:si,Wc:no,Vaciado:si,Elec:?),,,
POINT (-0.68986 45.38791 0.0),Area AC Saint Thomas de Cognac  (Gratuito.Agua:Si WC:No),,,,,,,
POINT (0.16317 49.65087 0.0),Area Ac Saint-Jouin-Bruneval  (Gratuito,Agua:si(de pago),Wc:si,Vaciado:no,Elec:?),,,
POINT (4.6331 46.84505 0.0),Area AC Saint-Leger-sur-Dheune  Gratuito:Si Agua:Si WC:Si,,,,,,,
POINT (6.67275 43.26457 0.0),Area Ac Saint-Tropez  (Precio:11eur/noche,Agua:si,Wc:?,Vaciado:si,Elec:?),,,
POINT (-2.38521 42.85337 0.0),Area Ac Salvatierra-Agurain  (Gratuito,Agua:si,Wc:no,Vaciado:si,Elect:no),,,
POINT (0.33159 41.90606 0.0),Area Ac San Esteban de Litera   (Gratuito,Agua:si,Wc:si,Vaciado:si,Elect:?),,,
POINT (12.27851 45.46794 0.0),Area Ac San Giuliano (Mestre-Venecia)  (18eur/24h,Agua:si,WC:si),,,,,
POINT (-1.66291 43.38525 0.0),Area Ac San Juan de Luz  (6 euros, Agua: 2 eur, elect:2 eur, Wc:no, sitio ruidoso),,,
POINT (2.50802 41.88429 0.0),Area Ac Sant Hilari Sacalm  (Gratuito,Agua:si,Wc:no,Vaciado:si,Elec:si),,,
POINT (1.59284 42.13664 0.0),Area AC Sant LlorenÃ§ de Morunys  (4 euros,Agua:si,vaciado:si,WC:si, electric,si, ducha:si),
POINT (-7.01861 43.25778 0.0),Area AC Santa Eulalia de Oscos  (Gratuito,Agua:si,vaciado:si,WC:no, electric,no),,
POINT (-8.53028 42.89755 0.0),Area Ac Santiago de Compostela  Gratuito: si Agua: No WC: No,,,,,,,
POINT (-8.86183 42.40952 0.0),Area Ac Sanxenxo  (Area privada,10eur/noche,Agua:si,Wc:si,Vaciado:si,Elec:si),,
POINT (1.21243 44.89558 0.0),Area AC Sarlat La Caneda  Gratuito: no (5 eur/noche), Agua: si, Wc: no,,,,,
POINT (-0.38763 43.40312 0.0),Area AC Sauvagnon  (Gratuito,Agua:si,vaciado:si,WC:no, electric,no),,
POINT (2.31694 44.21627 0.0),Area Ac Sauveterre de Rouergue   (Gratuito,Agua:si,Wc:si,Vaciado:si,Elec:si),,,
POINT (8.18096 47.81525 0.0),Area Ac Schluchsee   (10eur/noche,Agua:si,Wc:no,Vaciado:si,Elec:?),,,
POINT (16.1796 43.51267 0.0),Area Ac Seget  (Precio:20eur/noche,Agua:si,Wc:si,Vaciado:si,Elec:no),,,
POINT (-0.48167 39.84806 0.0),Area ac Segorbe  (Gratuito,Agua:si,Wc:no,Vaciado:si,Electr:no),,,
POINT (-4.10818 40.94103 0.0),Area Ac Segovia  (Gratuito,Agua:si,Wc:no,Vaciado:si,Elect:no),,,
POINT (-1.42621 43.6924 0.0),Area Ac Seignosse  (Gratuito:no(8eur/noche),Agua:si,Wc:si,Vaciado:si,Electr:?),,,
POINT (4.09068 46.26622 0.0),Area Ac Semur-en-Brionnais  (Gratuito.Agua:Si WC:Si),,,,,,,
POINT (3.6163 43.36629 0.0),Area Ac Sete  (11 eur/noche,Agua:si,Wc:si,Vaciado:si,Elec:no),,,
POINT (5.14326 47.00408 0.0),Area AC Seurre  (Gratuito.Agua:Si WC:No),,,,,,,
POINT (-5.9939 37.3662 0.0),Area ac Sevilla  (Gratuito,Agua:si,Wc:no,Vaciado:si,Elec:?),,,
POINT (14.5712 56.06374 0.0),Area AC Solversborg autopista E22  (Gratuito,Agua:si,vaciado:si,WC:si, electric,no),,
POINT (-2.98962 43.37371 0.0),Area Ac Sopela  (Solo de jun a sept,gratuito,Agua:si,Wc:no),,,,
POINT (-1.21393 42.49142 0.0),Area Ac Sos del Rey Catolico  (4eur/noche,Agua:si,wc:si,Vaciado:Si,Elec:no),,,
POINT (-0.07255 42.95579 0.0),Area AC Soulom  (Gratuito,Agua:si,vaciado:si,WC:no, electric,no),,
POINT (1.68069 44.47074 0.0),Area Ac St Cirq La Popie  Tarifa: 7 eur/noche, Agua: si (2 eur), Wc:si, Duchar, si, Electricidad: si (2 eur),,
POINT (-1.54642 46.2274 0.0),Area Ac St Clement des Baleines (Isla de Re)  (Precio:11eur/24h,Agua:si,Wc:no,Vaciado:si,Elec:si),,,
POINT (1.04382 44.86838 0.0),Area Ac St Cyprien  Gratuito, Agua: si, Wc: no, Electicidad: si (3eur),,,,
POINT (1.08971 45.01234 0.0),Area Ac St Leon Sur Vezere  (5eur/noche,Agua:si,WC:no,Electricidad:si),,,,
POINT (-0.57572 43.7592 0.0),Area ac St Sever  (Gratuito,Agua:Si,Wc:no,Vaciado:si,Elect:no),,,
POINT (-0.82118 45.14921 0.0),Area Ac St-Laurent-Medoc  (Gratuito,Agua:si,WC:si),,,,,
POINT (-1.18127 44.30765 0.0),Area ac St.Eulalie en Born  Tarifa:6.5eur/noche,Agua,Wc,duchas,vaciado,,,
POINT (-0.08907 48.40216 0.0),Area Ac St.Pierre des Nids  Gratuito, Agua: si,Wc: no, Vaciado: si, Elec: no,,,
POINT (1.62888 50.1825 0.0),Area Ac St.Valery-sur-Somme  Gratuito: no, Agua: si, Wc: no,,,,,
POINT (8.83575 53.11381 0.0),Area ac Stadtwaldsee (Bremen)  (Tarifa:10eur/noche,Agua:si,Wc:Si,Vaciado:si,Elec:?),,,
POINT (13.33925 56.28647 0.0),Area Ac Stalplass Bengt i Orkelljunga  (10,50 euros,Agua:si,vaciado:si,WC:no, electric,si),
POINT (6.15109 43.76075 0.0),Area Ac Ste Croix du Verdon  (8eur/noche,Agua:si:Wc:si,Vaciado:si,Elect:?),,,,
POINT (9.46043 50.31584 0.0),Area ac Steinau an der Strabe  Gratuito,Agua:si,Wc:si,Vaciado:si,,,,
POINT (-0.33495 39.95357 0.0),Area AC Suera  (4eur,Agua:si,vaciado:si,WC:no, electric,si),,
POINT (2.38452 47.77111 0.0),Area ac Sully sur Loire  (Gratuito,Agua:si,Wc:no,Vaciado:si,Elect:no),,,
POINT (7.63475 46.31086 0.0),Area Ac Susten  (Gratuito,Agua:si,Wc:no,Vaciado:si,Elec:si),,,
POINT (3.05739 42.08313 0.0),Area AC Tallada d Emporda  (12 eur/24 h.,Agua:si,vaciado:si,WC:no, electric,si),,
POINT (-1.61555 46.46716 0.0),Area Ac Talmont Saint Hilaire  (6eur/24h,Agua: si,Wc:no,Elect:si),,,,
POINT (0.428 41.86307 0.0),Area ac Tamarite de Litera  (Gratuito,Agua:si,Wc:no,Vaciado:si,Elect:no),,,
POINT (-6.94606 43.56608 0.0),Area ac Tapia de Casariego  (4eur/noche,Agua:si,Wc:no,Vaciado:si,Elec:no),,,
POINT (-7.10734 43.35971 0.0),Area ac Taramundi  (Gratuito,Agua:si,Wc:si,Vaciado:si,Elect:?),,,
POINT (-1.06977 44.7171 0.0),Area AC Taussat. Bassin de Arcachon  (Gratuito,Agua:si,vaciado:si,WC:no, electric,no),,
POINT (2.41583 41.99468 0.0),Area Ac Tavertet  (10 eur/24h.,Agua:si,vaciado:si,WC:No, Duchas:No, elect:si),,
POINT (-8.0131 42.33262 0.0),Area AC Termal de Barbantes  (Gratuito,Agua:si,vaciado:si,WC:no, electric,no),,
POINT (-1.68778 41.99417 0.0),Area Ac Termoludico Cascante  (Gratuito, Agua: si 1eur/3 min, vaciado, Wc: no),,,,
POINT (7.10502 47.81144 0.0),Area Ac Thann  (Gratuito,Agua:no:Wc:si,Vaciado:si,Elect:no),,,,
POINT (7.10433 47.80879 0.0),Area AC Thann  (Gratuito,Agua:si 4 eur, vaciado:si, WC:no, electric,no),,
POINT (4.21924 44.67232 0.0),Area ac Thueyts  (Gratuito,Agua:si,Wc:no,Vaciado:si,Elec:no),,,
POINT (12.80404 41.95863 0.0),Area Ac Tivoli   (Gratuito,Agua:si,vaciado:si,WC:no, electric,no),,
POINT (-2.08383 43.13389 0.0),Area Ac Tolosa  (Precio:2eur/noche,Agua:si,Wc:no,Vaciado:si,Elec:no),,,
POINT (-3.37592 57.25084 0.0),Area Ac Tomintoul Bowling Club  (7 libras,Agua:si,vaciado:si,WC:si, electric,no),,
POINT (-4.31611 42.03667 0.0),Area Ac Torquemada  (Gratuito,Agua:si,Wc:no,Vaciado:si,Elect:no),,,
POINT (-6.57148 40.22075 0.0),Area Ac Torre de Don Miguel  (Gratuito,Agua:si,Wc:no,Vaciado:si,Elec:no),,,
POINT (-7.0418 41.18093 0.0),Area ac Torre de Moncorvo  Gratuito, Agua: si, Wc: si (cierran por la noche),,,,,
POINT (-1.25381 40.09388 0.0),Area Ac Torrebaja  (Gratuito,Agua:si,Wc:SI,Vaciado:si,Elec:no),,,
POINT (0.51417 40.80278 0.0),Area Ac Tortosa  Gratuito, Agua: si, Wc: no, Grises: si, negras: si, Electr: no,,
POINT (3.38181 50.60409 0.0),Area Ac Tournai   (Gratuito,Agua:si,Wc:no,Vaciado:si,Elec:no),,,
POINT (4.82221 45.07314 0.0),Area ac Tournon-sur-Rhone   Gratuito, Agua: si ,wc: no, Grises: si, Elec: no,,,
POINT (-3.23074 48.79041 0.0),Area Ac Treguier  Gratuito, Agus: si, Wc: no, Vaciado: si, Elec:,,,
POINT (6.62492 49.74087 0.0),Area Ac Trier/Treveris  (8 eur/noche,Agua:si,Wc:si,Duchas:si,Vaciado:si,Elec:si),,
POINT (0.02328 47.22557 0.0),Area Ac Turquant  (Gratuito,Agua:si,Wc:si,Vaciado:si,Elec:no),,,
POINT (-3.37933 38.0065 0.0),Area AC Ubeda  (Gratuito,Agua:si,vaciado:si,WC:no, electric,no),,
POINT (-2.85972 39.98667 0.0),Area Ac Ucles  (Gratuito,Agua:si,Wc:si,Vaciado:Si,Elect:no),,,
POINT (10.0095 48.40741 0.0),Area ac Ulm  Gratuito: no, Agua: si (de pago), Wc: no,,,,,
POINT (-1.12807 42.36 0.0),Area AC Uncastillo  (Gratuito,Agua:si,vaciado:si,WC:no),,,,
POINT (6.62205 44.24285 0.0),Area Ac Val dÂ´Allos  (Gratuito,Agua:si,Wc:no,Vaciado:Si,Electr:si),,,
POINT (-5.5131 42.28755 0.0),Area Ac Valencia de Don Juan  (Gratuito,Agua:si,Wc:no,Vaciado:si,Elec:no),,,
POINT (-4.73697 41.65579 0.0),Area Ac Valladolid  (5 euros/24 h, vaciado:si, Agua: si, Wc: no),,,,
POINT (1.92724 41.38233 0.0),Area AC Vallirana  (Gratuito.Agua:Si WC:No),,,,,,,
POINT (-2.98435 37.1952 0.0),Area Ac Venta del Dolar  (Gratuito,Agua:si,Wc:si,Vaciado:si,Elec:no),,,
POINT (8.419 45.33437 0.0),Area AC Vercelli  (Gratuito,Agua:si,vaciado:si,WC:no, electric,no),,
POINT (2.39088 42.54287 0.0),Area Ac Vernet-les-Bains  (Gratuito,Agua:si:Wc:no,Vaciado:si,Elect:si),,,,
POINT (1.55517 44.48557 0.0),Area Ac Vers  (Gratuito:no(5eur/noche),Agua:si,Wc:no,Vaciado:si,Elec:no),,,
POINT (2.24112 41.93452 0.0),Area ac Vic  (Tarifa:5eur/noche,Agua:si(2eur),Wc:si,Vaciado:si,Elect:si(6eur)),,,
POINT (-8.74717 41.93786 0.0),Area ac Vila Nova de Cerveira  (Gratuito,Agua:si,Wc:si,Vaciado:si,Elec:?),,,
POINT (2.38737 41.84548 0.0),Area Ac Viladrau  Gratuito:Si Agua:Si Electr:no,,,,,,,
POINT (1.69125 41.34035 0.0),Area ac Vilafranca del Penedes  (Gratuito,Agua:si,Wc:no,Vaciado:si,Elec:no),,,
POINT (-1.43387 37.52579 0.0),Area ac Villa Brisa (Calnegre)  (Tarifa:7eur/dia,Agua:si,Wc:no,Vaciado:si,Elect:?),,,
POINT (-7.67702 43.29575 0.0),Area Ac Villalba  Gratuito, Agua: si, Wc: si,,,,,
POINT (-6.98628 43.31052 0.0),Area Ac Villanueva de Oscos   (Gratuito,Agua:si,wc:no,Vaciado:si,Elec:no),,,
POINT (0.88706 47.5447 0.0),Area AC Villedomer  (Gratuito,Agua:2 euros,vaciado:si,WC:si, electric,4 euros),,
POINT (2.85695 46.39577 0.0),Area Ac Villefrance d Allier  (Gratuito,Agua:si,WC:no),,,,,
POINT (0.74033 44.63844 0.0),Area AC Villereal  (Gratuito,Agua:si,vaciado:si,WC:no, electric,no),,
POINT (-7.00304 41.83382 0.0),Area Ac Vinhais  (Gratuito,Agua:si,Wc:no,Vaciado:si,Elec:si),,,
POINT (10.86199 43.40271 0.0),Area Ac Volterra  (12eur/24h,Agua:si,Wc:no,Vaciado:si,Elect:no),,,
POINT (0.7975 47.40943 0.0),Area Ac Vouvray  Gratuito: si, Agua: si (2 eur.), Wc: si,,,,,
POINT (9.59644 52.88354 0.0),Area AC Weltvogelpark  (Gratuito,Agua:si,vaciado:si,WC:si, electric,si 1 eur/8h),,
POINT (13.74265 51.05696 0.0),Area AC Wiessentorstrasse (Dresden)   (Gratuito:no(14eur),Agua:si,Wc:si,Vaciado:si,Elec:?),,,
POINT (9.85379 51.34575 0.0),Area ac Witzenhausen  (5eur/noche,Agua:Si,Wc:no,Vaciado:si,Elect:si),,,
POINT (-7.71944 42.06222 0.0),Area AC Xinzo de Limia  (Gratuito,Agua:si,vaciado:si,WC:no, electric,no),,
POINT (-2.17018 43.27792 0.0),Area Ac Zarautz  (Gratuito,Agua:si,Wc:no,Vaciado:si,Elec:no),,,
POINT (-2.29271 42.97597 0.0),Area AC Zegama  (Gratuito,Agua:si,vaciado:si,WC:si, electric,si 3 eur/2h),,
POINT (-2.26089 43.24086 0.0),Area AC Zestoa  (Gratuito,Agua:si,vaciado:si,WC:no, electric,no),,
POINT (3.22329 51.19494 0.0),Area ACs Brujas  (25 eur/noche),,,,,,,
POINT (-4.42401 37.46667 0.0),Area ACs Cabra  Agua: Si/Vaciado: Si/Gratuita,,,,,,,
POINT (4.02116 49.24885 0.0),Area ACs CIS de Champagne (REIMS)  Gratuito Si, Agua Si, WC Si,,,,,
POINT (-5.50707 36.7569 0.0),Area ACs El Bosque  Agua: Si/Vaciado: Si/Gratuita,,,,,,,
POINT (-2.57221 39.86712 0.0),Area ACs Era 124 (Zafra de Zancara)  (8 eur,Agua:si,vaciado:si,WC:no, electric,no, solo serv.:3 eur),
POINT (-3.74168 43.34486 0.0),Area ACs Lierganes,,,,,,,
POINT (-2.95483 42.68846 0.0),Area ACs Miranda de Ebro  Agua Si/Vaciado Si/WC No/Gratuita,,,,,,,
POINT (-7.78032 41.15572 0.0),Area ACs Peso da Regua  (3 euros,Agua:si,vaciado:si,WC:no, electric:si),,,
POINT (-6.41077 38.42517 0.0),Area ACs Zafra  Agua Si/Vaciado Si/WC Si/Gratuito,,,,,,,
POINT (-8.8253 39.66134 0.0),Area Autocaravanas Batalha  Gratuito: si, Agua: si, Wc: no,,,,,
POINT (-4.49976 42.87147 0.0),Area de Ac Cervera de Pisuerga  gratis: si agua: si wc: no,,,,,,,
POINT (-4.32033 41.40168 0.0),Area de ac Cuellar  (Gratuito,Agua:si,Wc:no,Vaciado:si,Elect:no),,,
POINT (-7.77989 42.60598 0.0),Area de AC de Chantada  Gratuito: si, Agua: si, Wc: no,,,,,
POINT (1.56637 50.67968 0.0),Area de ac Equihen-Plage  (Gratuito:no(5 eur/noche),agua:si,wc:no,vaciado:si,Elec:no),,,
POINT (-4.53493 42.00401 0.0),Area de Ac Isla dos Aguas (Palencia)  Gratuito: Si, Pernocta: Si Agua:  Si WC:No,,,,,,
POINT (-0.47566 43.88982 0.0),Area de AC Mont de Marsan  (8,40 eur/dia,Agua:si 1 eur, vaciado:si, electric,1 eur, WC:no),
POINT (-6.37121 39.47993 0.0),Area de ACs de Caceres  Gratuito: Si, Pernocta: Si Agua: Si WC:si,,,,,,
POINT (-4.21184 37.44227 0.0),Area de ACs de Priego  Agua Si/Vaciado Si/WC Si/Gratuita,,,,,,,
POINT (-2.35994 42.51945 0.0),Area de ACs de Viana  (2 euros,Agua:si,vaciado:si,WC:no, electric,no),,
POINT (6.12669 47.62942 0.0),Area de ACs Lac de Vesoul  (Gratuito,Agua:si:Wc:si,Vaciado:si,Elect:?),,,,
POINT (-8.03306 42.21444 0.0),Area de Cartelle (Ourense)  Gratuito: si, Agua: si, Wc: no,,,,,
POINT (2.40798 41.63603 0.0),Area de Montseny  Agua Si/Vaciado Si/WC Si/Gratuito,,,,,,,
POINT (-2.68501 42.86667 0.0),Area de servicios para autocaravanas de Vitoria-  gratuito: si, agua: si, wc:no,,,,,
POINT (1.58177 41.28071 0.0),Area del Penedes  Agua Si/Vaciado Si/WC Si/Gratuito,,,,,,,
POINT (12.55554 41.8758 0.0),Area L.G.P. (Roma)  (18 eur.,Agua:si,vaciado:si,WC:si, electric,si: duchas:si),,
POINT (-0.20743 42.95853 0.0),Arrens-Marsous  (Gratuito,Agua:si,Wc:no,Vaciado:si,Elect:?),,,
POINT (19.20162 50.0277 0.0),Auschwitz  Gratuito: no, Agua: no, Wc: si,,,,,
POINT (3.13588 41.85607 0.0),Autocaravaning Palamos  (13eur/noche,Agua:si,WC:si,Electr.:s 2eur,Ducha:si 1eur),,,
POINT (-8.14286 42.2857 0.0),ÃC Ribadavia  (Gratuito,Agua:si,vaciado:si,WC:no, electric,no),,
POINT (-4.64336 42.10985 0.0),Ãrea Ac  Becerril de Campos   (Gratuito, Agua:si, vaciado:si, Wc:no),,,,
POINT (-0.31691 44.63855 0.0),Ãrea AC  Cadillac  (Gratuito,Agua:si,vaciado:si,WC:no, electric,no),,
POINT (7.73268 45.61159 0.0),Ãrea AC  Le RaffÃ²r (HÃ´ne)  (8euros,Agua:si,Wc:no,Vaciado:si,Elec:si, wifi:si),,
POINT (10.41937 43.72144 0.0),Ãrea AC  Pisa  (12 euros,Agua:si,vaciado:si,WC:no, electric:si 2 euros),,,
POINT (10.82639 44.54056 0.0),Ãrea AC  Terra Dei Motori  (Gratuito,Agua:si 1 euro,vaciado:si 1 euro,WC:si 1 euro, electric.: si, wifi: si),,
POINT (-8.69432 42.43789 0.0),Ãrea AC A Seca (Poio)  (Gratuito,Agua:si,vaciado:si,WC:no, electric,no),,
POINT (2.74256 41.90752 0.0),Ãrea AC Agrobotiga M Bes  (Gratis comprar en agrobotiga, Agua:si, vaciado:si, electr.: si Wc:si),,,,
POINT (3.2031 46.02611 0.0),Ãrea AC Aigueperse  (Gratuito,Agua:si 2 eur/60 l.,vaciado:si,WC:no, electric.si 2 eur/1 h.),,,
POINT (-0.13911 41.05194 0.0),Ãrea AC AlcaÃ±iz  (Gratuito,Agua:si,vaciado:si,WC:no),,,,
POINT (-6.90168 40.72902 0.0),Ãrea AC Almeida  (Gratuito,Agua:si 2eur,vaciado:si,WC:no, electric,si 5eur),,
POINT (-8.61309 42.33949 0.0),Ãrea AC Arcade  (Gratuito,Agua:si,vaciado:si,WC:no, electric,no),,
POINT (-8.25131 40.92608 0.0),Ãrea AC Arouca  (Gratuito, Agua:si, vaciado:si, Wc:si),,,,
POINT (1.04297 41.89256 0.0),Ãrea AC Artesa de Segre  (Gratuito, Agua:si, vaciado:si, Wc:no),,,,
POINT (-6.06861 36.23606 0.0),Ãrea AC AsociaciÃ³n La Pachamama  (12 euros,Agua:si,vaciado:si,WC:si, Duchas: si, electric.:si 5 euros),,
POINT (-5.9139 43.55107 0.0),Ãrea Ac AvilÃ©s  (Gratuito,Agua:si,vaciado:si,WC:no, electric,no),,
POINT (-7.40662 37.21012 0.0),Ãrea AC Ayamonte  (9,55+3 euros servicios,Agua,Wc,Vaciado,Elec:2 euros, Ducha),
POINT (7.23933 45.70125 0.0),Ãrea AC Aymavilles  (6 euros,Agua:si,vaciado:si,WC:no, electric,no),,
POINT (-1.0526 39.05604 0.0),Ãrea AC Ayora  (Gratuito,Agua:si,vaciado:si,WC:no, electric,no),,
POINT (1.94485 42.48707 0.0),Ãrea AC BaÃ±os romanos de Dorres  (gratuito ,Agua:si,vaciado:si,WC:no, electric,no),,
POINT (7.94716 47.54913 0.0),Ãrea AC Bad Sackingen  (12 eur/24 h.,Agua:si 100l./1 eur.,vaciado:si,WC:si 0,50 eur., elect:si),,
POINT (9.37535 48.50058 0.0),Ãrea AC Bad Urach  (8eur/24h,Agua:si,Electricidad:si,WC:no,Grises),,,
POINT (8.37201 48.51022 0.0),Ãrea AC Baiersbronn  (10eur/noche,Agua:si,Electricidad:si,WC:no,Grises),,,
POINT (6.84149 47.8132 0.0),Ãrea AC Ballon dÂ´Alsace  (3 euros,Agua:si,vaciado:si,WC:no, electric:si),,,
POINT (-5.93573 36.18389 0.0),Ãrea AC Barbate  (9,55+3 euros servicios,Agua,Wc,Vaciado,Elec:2 euros, Ducha),
POINT (-1.91144 46.73153 0.0),Ãrea AC Base des VallÃ©es  (Gratuito,Agua:si 2,6 euros,vaciado:si,WC:no, electric,no),
POINT (0.41969 40.40415 0.0),Ãrea AC BenicarlÃ³  (Gratuito, Agua:si, vaciado:si, Wc:no),,,,
POINT (0.06073 40.05584 0.0),Ãrea AC Benicassim  (Gratuito, Agua:si, vaciado:si, Wc:no),,,,
POINT (2.70398 42.19906 0.0),Ãrea AC BesalÃº  (Gratuito,Agua:1 euros/100l.,vaciado:si,WC:no, electric.:1 euro/hora),,,
POINT (6.01637 47.23705 0.0),Ãrea AC BesanzÃ³n  (7 euros,Agua:si,vaciado:si,WC:no, electric,no),,
POINT (-5.75641 41.50344 0.0),Ãrea AC Bosque de Valorio  (Gratuito, Agua:si, vaciado:si, Wc:si),,,,
POINT (5.24037 46.20901 0.0),Ãrea AC Bourg en Bresse  (Gratuito, Agua:si, vaciado:si, Wc:no),,,,
POINT (0.30669 44.25642 0.0),Ãrea AC Buzet   (7,40 eur/24 h.,Agua:si 2 eur.,vaciado:si,WC:si, electric.:si 2 eur.),,
POINT (2.8117 41.8394 0.0),Ãrea AC Caldes de Malavella  (Gratuito,Agua:si,vaciado:si,WC:no, electric.: si),,,
POINT (-4.06588 36.74863 0.0),Ãrea AC Caleta de Velez  (9,55+3 euros servicios,Agua,Wc,Vaciado,Elec:3 euros, Ducha),
POINT (10.85896 45.87961 0.0),Ãrea AC Camper Brione  (0,50 euros/hora,Agua:si,vaciado:si,WC:si, electric,no),
POINT (14.52279 46.02136 0.0),Ãrea AC Camper Stop Urbino  (26 euros,Agua:si,WC:si, ducha:si ,vaciado:si,Elect.:si),,
POINT (-8.24188 37.27904 0.0),Ãrea AC Camperstop Messines  (7,5 euros,Agua:si,vaciado:si,WC:si, electric.:no, Duchas: si),
POINT (15.85308 46.42258 0.0),Ãrea AC Camping Ptuj  (21.60 eur/noche,Agua:si,Wc:si,Vaciado:si,Elec:si, duchas:si),,
POINT (2.40465 42.04229 0.0),Ãrea AC Cantonigros  (Gratuito,Agua:si,vaciado:si,WC:no, electric,si),,
POINT (-0.66696 38.59583 0.0),Ãrea AC Castalla  (3 euros,Agua:si,vaciado:si,WC:si, ducha: si, electric:si),,
POINT (1.51092 47.61606 0.0),Ãrea AC Chateau du Chambord  (11 euros,Agua:si (2eur),Wc:si,Vaciado:si,Elec:5 eur/8 h.),,,
POINT (1.32427 48.07147 0.0),Ãrea AC Chateaudun  (Gratuito, Agua:si 2eur, vaciado:si, Wc:no, electric: si 2eur),,,
POINT (-0.66431 45.13589 0.0),Ãrea AC ChÃ¢teau Marquis de Vauban  (Gratuito, Agua:si, vaciado:si, Wc:no, Electri.:si),,,
POINT (-1.61778 49.64244 0.0),Ãrea AC Cherbourg  (Gratuito,Agua:si,vaciado:si,WC:no, electric,no),,
POINT (-6.42693 36.74466 0.0),Ãrea AC Chipiona  (12,33+3 euros servicios,Agua,Wc,Vaciado,Elec:0,50 eur/hora, Ducha)
POINT (4.60863 43.85402 0.0),Ãrea AC Comps  (6 euros,Agua 2 euros,vaciado:si,WC:si, electric,no),,
POINT (8.62435 53.04737 0.0),Ãrea AC Delmenhorts (Bremen)  (Gratuito,Agua:si,vaciado:si,WC:no, electric: si 1 eur/kw.),,,
POINT (3.685 46.51844 0.0),Ãrea AC Dompierre sur Besbre  (Gratuito,Agua:si,vaciado:si,WC:si, electric.:si),,,
POINT (0.7001 47.36676 0.0),Ãrea AC du Lac (Tours)  (Gratuito,Agua:si 2 eur,vaciado:si,WC:no, electric,no),,
POINT (-4.5421 41.87573 0.0),Ãrea Ac DueÃ±as  (Gratuito,Agua:si,vaciado:si,WC:no, electric,no),,
POINT (0.17821 44.67771 0.0),Ãrea AC Duras  (9 eur. Agua:si 2,50 eur.,vaciado:si, WC:no, electric.:si 2,10 eur.),,
POINT (11.27422 46.32109 0.0),Ãrea AC Egna/Neumarkt  (10 euros,Agua:si,vaciado:si,WC:no, electric,si),,
POINT (-2.54642 43.12844 0.0),Ãrea AC Elorrio  (Gratuito,Agua:si 2 eur/100 l.,vaciado:si,WC:si, electric,1eur/h.),,
POINT (13.95919 46.27556 0.0),Ãrea AC estaciÃ³n Bohinjska Bistrica  (10 euros,Agua:si,vaciado:si,WC:si, elect:si 4 euros),,,
POINT (2.55863 46.33466 0.0),Ãrea AC Etang de Sault  (Gratuito,Agua:si 5 eur.,vaciado:si,WC:si, electric.:si 2,5 eur.),,
POINT (-0.57419 38.20814 0.0),Ãrea AC Europa Area (Santa Pola)  (12 euros,Agua,Wc,Vaciado,Electricidad, Ducha, lavadora),
POINT (-9.26357 42.91107 0.0),Ãrea AC Finisterre Pueblo  (10 euros,Agua:si ,vaciado:si, WC:no, electric:3 euros, servicio AC:3 euros),,
POINT (6.66331 58.29303 0.0),Ãrea AC Flekkefjord  (26eur, Agua:si, vaciado:si, Wc:no: Ducha:si),,,,
POINT (1.6111 42.96102 0.0),Ãrea AC Foix  (Gratuito, Agua:si, vaciado:si, Wc:no),,,,
POINT (5.12466 43.92037 0.0),Ãrea AC Fontaine de Vaucluse  (10 eur/24h.,Agua:si,vaciado:si,WC:No, Duchas:No, elect:si),,
POINT (14.10038 57.44935 0.0),Ãrea AC GÃ¶tastrÃ¶m   (Gratuito,Agua:si,vaciado:si,WC:si),,,,
POINT (8.00692 48.40219 0.0),Ãrea AC Gengenbach  (10eur/noche,Agua:si,Electricidad:si,WC:no,Grises),,,
POINT (0.19693 47.39252 0.0),Ãrea AC Gizeux  (Gratuito, Agua:si 2 eur., vaciado:si, Wc:si),,,,
POINT (-1.6098 48.83506 0.0),Ãrea AC Granville  (9 eur. Agua:si 3 eur.,vaciado:si, WC:no, electric.:si 3 euri),,,,
POINT (-0.95044 48.98728 0.0),Ãrea AC Guilberville  (Gratuito,Agua:si 2 eur/100l.,vaciado:si,WC:no, electric:2 eur/1 h.),,,
POINT (10.02664 53.5435 0.0),Ãrea AC Hamburg (Hamburgo)  (19 euros,Agua:si,vaciado:si,WC:si, electric,si, duchas: si),
POINT (0.24127 49.41905 0.0),Ãrea AC Honfleur  (11 euros,Agua:si,vaciado:si,WC:no, electric.:si),,,
POINT (-2.21222 43.0468 0.0),Ãrea AC Igartza  (Gratuito, 3 euros agua+luz,vaciado:si,WC:no, ),,,
POINT (15.26211 37.07083 0.0),Ãrea AC Ippocampers  (15 eur/24h.,Agua:si,vaciado:si,WC:si, Duchas:si, elect:si),,
POINT (-1.10455 49.32162 0.0),Ãrea AC Isigny sur Mer  (Gratuito,Agua:si,vaciado:si,WC:no, electric,no),,
POINT (-7.86769 40.33355 0.0),Ãrea AC Jardim do Senhor das Almas  (Gratuito,Agua:si,vaciado:si,WC:no,electric,no),,
POINT (11.70344 47.34618 0.0),Ãrea Ac Koenigveldplatz (Schwaz)  (6 euros,Agua:si,vaciado:si,WC:no, electric,no),,
POINT (13.77486 46.48741 0.0),Ãrea AC Kranjska Gora  (15 eur/noche,Agua:si,Wc:si,Vaciado:si,Elec:si, wifi:si),,
POINT (-4.35238 37.54655 0.0),Ãrea AC La Cantina (DoÃ±a Mencia)  (Gratuito,Agua:si,Vaciado:si distante, Wc:no),,,,
POINT (2.28767 41.66999 0.0),Ãrea AC La Garriga  (Gratuito, Agua:si, vaciado:si, Wc:no),,,,
POINT (0.30115 42.93603 0.0),Ãrea AC La Payolle  (Gratuito,Agua:si,vaciado:si,WC:si, electric,no),,
POINT (0.26809 49.40871 0.0),Ãrea AC La RiviÃ¨re Saint Sauveur  (Gratuito, Agua:si 5 eur., vaciado:si, Wc:no, electr: si 5 eur.),,,
POINT (4.76828 48.55066 0.0),Ãrea AC Lac du Der  (10 euros,Agua:si,vaciado:si,WC:no, electric.:no,wifi:si),,
POINT (-1.31959 43.88531 0.0),Ãrea AC Lac Leon en Las Landas  (11 euros,Agua:si ,Wc:si,Vaciado:si),,,,
POINT (8.40803 46.42472 0.0),Ãrea AC Lago di Morasco  (10 eur/24h.,Agua:si,vaciado:si,WC:No, Duchas:No, elect:si),,
POINT (8.49376 48.55089 0.0),Ãrea AC Lago Nagoldtalsperre  (Gratuito,Agua:si,WC:no,Electricidad:si,Grises),,,
POINT (-4.21005 43.38869 0.0),Ãrea AC Las Hazas  (9 euros,Agua:si ,vaciado:si, WC:si, electric:3 euros, Duchas:si, servicio AC:3 euros),
POINT (-3.80283 43.47226 0.0),Ãrea AC Las Llamas  (Gratuito,Agua:si,vaciado:si,WC:no, electric,no),,
POINT (-5.81841 38.27477 0.0),Ãrea AC Las Quinientas (Berlanga)  (Gratuito,Agua:si,vaciado:si,WC:si, electric,no),,
POINT (-4.33531 48.55991 0.0),Ãrea AC Le FolgoÃ«t  (Gratuito,Agua:si,vaciado:si,WC:si, electric.:no),,,
POINT (-1.53643 49.21853 0.0),Ãrea AC Lessay  (Gratuito,Agua:si,vaciado:si,WC:no, electric,no),,
POINT (9.87574 47.60084 0.0),Ãrea AC Lindenberg   (10 euros/24h,Agua:si 1 euro/100l.,vaciado:si,WC:no, electric,si 1euro/1kw),,
POINT (6.05772 48.74658 0.0),Ãrea AC Liverdun  (Gratuito, Agua:si 2 euros, vaciado:si, Wc:no),,,,
POINT (-4.76797 43.42392 0.0),Ãrea AC Llanes  (3 euros,Agua:si 1 euro,vaciado:si 1 euro, WC:no, electric:no),,,
POINT (-0.50656 46.04692 0.0),Ãrea AC Loulay  (Gratuito,Agua:si,vaciado:si,WC:no, electric,no),,
POINT (15.65611 46.55944 0.0),Ãrea AC Maribor EstaciÃ³n autobuses  (10 euros,Agua:si,vaciado:si,WC:si, electric.:si),,,
POINT (-4.3171 36.71393 0.0),Ãrea AC MÃ¡laga Beach  10 euros,Agua:si,vaciado:si,WC:si, Duchas: si, electric.: si),,
POINT (11.78748 43.09588 0.0),Ãrea AC Montepulciano  (10 euros,Agua:si,vaciado:si,WC:no, electric,no),,
POINT (-0.90964 44.03867 0.0),Ãrea AC Morcenx  (Gratuito,Agua:si,vaciado:si,WC:no, electric,no),,
POINT (7.16034 47.92328 0.0),Ãrea AC Murbach  (Gratuito,Agua:si,vaciado:si,WC:no, electric,no),,
POINT (8.02434 47.55204 0.0),Ãrea AC Murg   (10 euros.,Agua:si 100l./1eur.,vaciado:si,WC:No, elect:si, wifi:si),,
POINT (-2.79847 42.81948 0.0),Ãrea AC Nanclares de la Oca-Langraiz  (Gratuito, Agua:si, vaciado:si, Wc:no),,,,
POINT (1.17228 45.92572 0.0),Ãrea AC Nieul  (Gratuito,Agua:si ,vaciado:si,WC:si, electric,no),,
POINT (-8.92649 42.45523 0.0),Ãrea AC O Faro  (10 euros,Agua:si ,vaciado:si, WC:no, electric:3 euros, Abierto: S.Santa-OCT.),,
POINT (1.53273 42.55583 0.0),Ãrea AC Ordino  (Gratuito,Agua:si 2eur/100 l.,vaciado:si, WC:no, electric: 2 eur/h.),,,
POINT (-5.097 37.23111 0.0),Ãrea AC Osuna  (Gratuito,Agua:si,vaciado:si,WC:no, electric,no),,
POINT (8.64986 44.6405 0.0),Ãrea AC Ovada   (Gratuito, Agua:si, vaciado:si, Wc:no),,,,
POINT (-2.442 42.50917 0.0),Ãrea AC OyÃ³n  (Gratuito, Agua:si, vaciado:si, Wc:no),,,,
POINT (-8.66132 42.73239 0.0),Ãrea AC PadrÃ³n  (Gratuito,Agua:si,vaciado:si,WC:no, electric,no),,
POINT (-1.65645 42.82093 0.0),Ãrea AC Pamplona-IruÃ±a  (10 eur/24h.,Agua:si,vaciado:si,WC:No, Elect:si),,,
POINT (2.80144 41.99033 0.0),Ãrea AC Parc de Domeny  (Gratuito,Agua:si,vaciado:si,WC:no, electric,no),,
POINT (13.73781 45.53797 0.0),Ãrea AC Parkirisce za Avtodome Koper  (10 euros,Agua:si,vaciado:si,WC:si, electric.:si),,,
POINT (-8.3116 37.09265 0.0),Ãrea AC Parque da GalÃ©  (8 euro. (furgo+2pax),Agua:si,vaciado:si,WC:no, electric,si 2 eur., piscina, wifi)
POINT (3.00851 42.30594 0.0),Ãrea AC Peralada  (Gratuito, Agua:si, vaciado:si, Wc:no),,,,
POINT (0.38891 41.99386 0.0),Ãrea AC Peralta de la Sal  (Gratuito,Agua:si,vaciado:si,WC:no),,,,
POINT (9.228 48.45525 0.0),Ãrea AC Pfullingen  (Gratuito,Agua:si1 eur,vaciado:si 1 eur,WC:no, electric,si 1 eur/kw),,
POINT (12.0588 46.16554 0.0),Ãrea AC Pian Falcina  (18 euros,Agua:si,vaciado:si,WC:si, electric,si, duchas:si),
POINT (-16.49928 28.378 0.0),Ãrea AC Pinolere  (Gratuito,Agua+negras:3 euros,vaciado grises:si,WC:no, electric,no),,
POINT (5.33642 45.06318 0.0),Ãrea AC Pont-en-Royans   (10 euros,Agua:si ,vaciado:si, WC:no, electric:si),,,
POINT (-8.63486 42.43348 0.0),Ãrea AC Pontevedra  (Gratuito,Agua:si,vaciado:si,WC:no, electric,no),,
POINT (1.1538 41.09414 0.0),Ãrea AC Port Aventura  (25eur/noche,Agua:si,Wc:si,Vaciado:si,Elec:si, duchas:si, lavad. y secad.: si de pago),
POINT (-7.61765 42.80666 0.0),Ãrea AC PortomarÃ­n / PuertomarÃ­n  (Gratuito, Agua:si, vaciado:si, Wc:no),,,,
POINT (-8.83278 41.68343 0.0),Ãrea AC Praia de Cabedelo  (Gratuito,Agua:si,Wc:no,Vaciado:si,Elec:no),,,
POINT (2.03414 42.00446 0.0),Area AC Prats de Llucanes  (Gratuito, Agua:si, vaciado:si, Wc:si, electri: 1eur/2h, ducha: si 1eur),,
POINT (-5.30481 37.22501 0.0),Ãrea AC Puebla de Cazalla  (Gratuito, Agua:si, vaciado:si, Wc:si, duchas:si),,,
POINT (-0.925 46.89428 0.0),Ãrea AC Puy du Fou - Parque de la Historia  (7 euros/noche,Agua:si 2 eur/100l.,vaciado:si,WC:si, electric:2 eur/12 h.),,,
POINT (-3.54346 47.86624 0.0),Ãrea AC QuimperlÃ©  (Gratuito,Agua:si,vaciado:si,WC:no, electric.:no),,,
POINT (4.55855 43.93793 0.0),Ãrea AC Remoulins  (Gratuito,Agua:si 5 euros,vaciado:si,WC:no, electric,no),,
POINT (-5.05409 43.46024 0.0),Ãrea AC Ribadesella  (Gratuito,Agua:si,vaciado:si,WC:no, electric,no),,
POINT (3.15566 42.26843 0.0),Area AC Roses  (14eur, Agua:si, vaciado:si 3eur, Wc:si, electric: si 3eur),,,
POINT (1.12528 47.32653 0.0),Ãrea AC Saint-Georges-sur-Cher  (Gratuito,Agua:si,vaciado:si,WC:no, electric,no),,
POINT (-2.72433 47.84533 0.0),Ãrea AC Saint-Jean-BrÃ©velay  (Gratuito,Agua:si,vaciado:si,WC:si, electric.:no),,,
POINT (0.50034 45.11515 0.0),Ãrea Ac Saint-Leon-sur-l Isle  (Gratuito,Agua:si,vaciado:si,WC:no,electric,no),,
POINT (-3.94572 48.52209 0.0),Ãrea AC Saint-ThÃ©gonnec  (Gratuito,Agua:si,vaciado:si,WC:si, electric.:no),,,
POINT (-8.47524 40.48659 0.0),Ãrea AC Sangalhos  (Gratuito, Agua:si, vaciado:si, Wc:no),,,,
POINT (1.38206 41.53689 0.0),Ãrea Ac Santa Coloma de Queralt  (Gratuito,Agua:si,vaciado:si,WC:no, electric,si 2 euros),,
POINT (-2.34416 42.6727 0.0),Ãrea AC Santa Cruz de Campezo  (3 euros,Agua:si,vaciado:si,WC:no, electric,si),,
POINT (-3.97253 42.13004 0.0),Ãrea Ac Santa Maria del Campo   (Gratuito, Agua:si, vaciado:si, Wc:no, elect.:no),,,
POINT (-3.73907 43.00362 0.0),Ãrea AC Santelices  (4 euros,Agua:si ,vaciado:si, WC:si, electric:si, duchas:si, servicio AC:2 euros),
POINT (8.37226 45.78978 0.0),Ãrea AC Santuario della Madonna del Sasso  (Gratuito,Agua:si,vaciado:si,WC:no, electric,no),,
POINT (-0.34294 44.5348 0.0),Ãrea AC Sauternes  (Gratuito,Agua:si,vaciado:si,WC:si, electric,no),,
POINT (-0.30753 39.04136 0.0),Ãrea AC Simat de la Valldigna  (Gratuito,Agua:si,vaciado:si,WC:no, electric,no),,
POINT (-8.26331 41.872 0.0),Ãrea AC Soajo  (Gratuito,Agua:si,vaciado:si,WC:si, electric,no),,
POINT (12.51853 42.51822 0.0),Ãrea AC Suffragi  (Gratuito, Agua:si, vaciado:si, Wc:no *SÃBADO MERCADO),,,,
POINT (-1.82792 49.46392 0.0),Ãrea AC Surtainville  (Gratuito,Agua:si 4 eur.,vaciado:si,WC:no, electric.:si 4 eur, wifi: si),,
POINT (12.58956 55.71792 0.0),Ãrea AC SvanemÃ¸llehavnen (Copenague)  (20 eur,Agua:si,vaciado:si,WC:si, electric:si, duchas:si, wifi:si),
POINT (12.0119 46.29885 0.0),Ãrea AC Taibon Agordino  (Gratuito,Agua:si,vaciado:si,WC:si, electric,si),,
POINT (22.95356 70.04081 0.0),Ãrea AC Talvik   (Gratuito, Agua:si, vaciado:si, Wc:si),,,,
POINT (-2.44145 37.34902 0.0),Ãrea AC TÃ­jola  (Gratuito,Agua:si,vaciado:si,WC:no, electric,no),,
POINT (-6.33623 38.91907 0.0),Ãrea AC Teatro Romano  (12 eur/dia,Agua:si,vaciado:si,WC:si, electric.:3 euros),,,
POINT (-8.28467 41.44087 0.0),Ãrea AC telefÃ©rico de Guimaraes  (Gratuito, Agua:si, vaciado:si, Wc:no),,,,
POINT (7.9557 47.8325 0.0),Ãrea AC Todtnau  (10 euros,Agua:si,vaciado:si,WC:no, electric.:si),,,
POINT (2.718 41.70561 0.0),Ãrea AC Tordera  (Gratuito,Agua:si,vaciado:si,WC:si, electric,no),,
POINT (1.50013 47.53757 0.0),Ãrea AC Tour de Sologne  (Gratuito,Agua:si 3 eur.,vaciado:si,WC:si, electric.:si 3 eur.),,,
POINT (-5.4499 36.6707 0.0),Ãrea AC Ubrique  (MARTES MERCADO Gratuito, Agua:si, vaciado:si, Wc:no),,,,
POINT (6.41794 45.74618 0.0),Ãrea AC Ugine  (Gratuito,Agua:si 2 eur.,vaciado:si, negras: 2 eur.,WC:si,Ducha:si,  electric,no)
POINT (-1.97361 42.91417 0.0),Ãrea AC Uharte Arakil  (5 euros,Agua:si,vaciado:si,WC:no, electric,si. Solo servicios 2 euros),,
POINT (-7.6235 40.256 0.0),Ãrea AC Unhais da Serra  (Gratuito, Agua:si, vaciado:si, Wc:si: ducha: si frÃ­a),,,,
POINT (8.36652 48.07728 0.0),Ãrea AC Unterkirnach  (11eur/noche,Agua:si,Electricidad:si,WC:no,Grises),,,
POINT (-7.2463 39.4092 0.0),Ãrea AC Valencia de AlcÃ¡ntara  (Gratuito,Agua:si,vaciado:si,WC:no, electric,no),,
POINT (-2.07382 37.65238 0.0),Ãrea AC VÃ©lez-Rubio  (Gratuito,Agua:si,vaciado:si,WC:no, electric,no),,
POINT (-8.76457 42.59012 0.0),Ãrea AC VilagarcÃ­a de Arousa  (Gratuito, Agua:si, vaciado:si, Wc:no),,,,
POINT (5.06037 52.48906 0.0),Ãrea AC Volendam  (15 euros,Agua:si,vaciado:si,WC:no, electric,si),,
POINT (-0.77494 46.57444 0.0),Ãrea AC Vouvant  (5 euros/24 h.,Agua:si,vaciado:si,WC:no, electric,no),,
POINT (15.15397 46.24086 0.0),Ãrea AC Vrbje  (Gratuito, Agua:si 2 eur., vaciado:si, Wc:no, electric: si 0,50 euros),,
POINT (10.26936 48.46279 0.0),Ãrea AC Waldbad  (8 euros,Agua:si,vaciado:si,WC:no, electric:si 0,50 eur./h., wifi:si),
POINT (-6.12139 36.71034 0.0),Ãrea AC Webcaravan (Jerez de la frontera)  (5 euros,Agua:si,vaciado:si,WC:no, electric,si. Solo servicios 3 ),,
POINT (6.21885 43.84366 0.0),Ãrea ACMoustiers Sainte Marie   (7,5 euros,Agua:si 2 euros,vaciado:si,WC:si, electric.:2 euros),,
POINT (-7.37375 39.39422 0.0),Ãrea ACs Marvao  (Gratuito, Agua:si, vaciado:si, Wc:no),,,,
POINT (12.25619 46.58842 0.0),Area ACs Misurina  (18eur, Agua:si, vaciado:si, Wc:no),,,,
POINT (3.02288 41.77989 0.0),Ãrea acSant Feliu de Guixols  (15 euros,Agua:si,Wc:no,Vaciado:si,Elec:no),,,
POINT (-1.15228 45.78266 0.0),Area de AC La Tremblade  (10eur, Agua:si, vaciado:si, Wc:no, electric: si),,,
POINT (-7.46406 37.47011 0.0),Ãrea de ACs Sanlucar de Guadiana  (Gratuito,Agua:si,vaciado:si,WC:no, electric,no),,
POINT (-3.36431 36.71959 0.0),Ãrea de ACs Tropic  (10 euros,Agua:si,vaciado:si,WC:si, electric,no, duchas de pago),
POINT (7.71746 45.64468 0.0),Ãrea Sc Arnad  (Gratuito,Agua:si,vaciado:si,WC:no, electric,no),,
POINT (11.55014 47.76311 0.0),Bad-Tolz   (8eur/noche,Agua:si,Wc:si,Vaciado:si,Elec:?),,,
POINT (0.79456 42.50068 0.0),Barruera  (Gratuito,Agua:Si,Wc:no),,,,,
POINT (-5.97295 43.15595 0.0),Barzana de Quiros  Gratuito:SI llenado y vaciado:Gratuito  Agua potable: Si WC: No grises: Si  negras: Si Tomas de elec,,,,,,,
POINT (-1.57402 48.42425 0.0),Bazouges la PÃ©rouse   (Gratuito,Agua:si,vaciado:si,WC:no, electric,no),,
POINT (-8.64876 42.85971 0.0),Bertamirans  Gratuito: Si, Pernocta: Si, WC: No, Agua: Si,,,,
POINT (1.36995 46.10941 0.0),Bessines-sur-Gartempe  (Gratuito,Agua:si,Wc:si,Vaciado:si,Elec:si),,,
POINT (5.05737 49.79052 0.0),Bouillon   (Gratuito,Agua:si,Wc:no,Vaciado:si,Elec:?),,,
POINT (-3.81972 43.35802 0.0),Cabarceno,,,,,,,
POINT (-1.61577 37.38863 0.0),Camper Ã¡rea Anibal (Ãguilas)  (7 eur/noche,Agua:si,Wc:si,Duchas:si 2 eur,Vaciado:si,Elec:si 2 eur),,
POINT (9.12765 39.21027 0.0),Camper Cagliari Park  (25eur/noche,Agua:si,Wc:si,Vaciado:si,Elec:si, duchas:si),,
POINT (-1.01922 38.002 0.0),Camper park Casablanca (Zeneta)  (Area Ac privada,11eur/24h,Agua,Wc,Sumideros),,,
POINT (-0.66 38.12092 0.0),Camper Park San Fulgencio  (Tarifa:10eur/dia,Agua,Wc,vaciado,elect,wifi..),,
POINT (-1.04332 38.00765 0.0),Camperpark Huerta de Murcia  (Tarifa:12eur/noche,Area privada,Agua,wc,vaciado,electr..),,
POINT (-1.5104 37.79279 0.0),Camperstop SierraespuÃ±a (Totana)  (7eur,Agua:si,Wc:no,Vaci:si,Elect.:4 eur. JULIO y AGOSTO CERRADA),,,
POINT (139.8505 -36.82772 0.0),Caravan Park Kingston  (Gratuito,Agua:si,Wc:si,Vaciado:si,Elect:no?),,,
POINT (-6.60823 43.01334 0.0),Casa Funsiquin  (Gratuito,Agua:si,vaciado:si,WC:si, Duchas:si, electric,no),
POINT (2.52549 43.32683 0.0),Caunes Minervois  Agua: No, Wc: No, Luz: Si, Gratuito: Si,,,,
POINT (5.03639 49.12089 0.0),Centre social d Argonne (Les Islettes)  Gratuito:no(5eur),Agua:si,Wc:si,Vaciado:si,Elec:si,,,
POINT (1.48644 42.45352 0.0),Centro comercial River  (Gratuito, Agua: no, Wc: si, parking centro comercial),,,,
POINT (-0.66527 45.12593 0.0),Ciudadela de Blaye  (Gratuito:no,Agua:si,Wc:no,Vaciado:si,Elect:?),,,
POINT (-15.58812 27.97589 0.0),Corral de los Juncos (Tejeda)  gratuito si, agua:si, wc:si,,,,,
POINT (14.20557 45.7815 0.0),Cuevas de Postojna    Tarifa: 15 eur/24h, Agua: si, Wc:si, Electricidad: si,,,,
POINT (9.16928 47.65805 0.0),Dobele Kostanz  (Gratuito:no(15eur),Agua:si,Wc:si,Vaciado:si,Elec:?),,,
POINT (-1.75498 48.54753 0.0),Dol de Bretagne  (Gratuito,Agua:si,Wc:si,Vaciado:si,Elec:?),,,
POINT (2.04749 45.40365 0.0),Egletons  Gratuito: Si  Agua potable: Si (2 euros) WC: No,,,,,,,
POINT (-7.54972 39.48151 0.0),Embalse Povoa e Meadas  (Gratuito,Agua:si,Wc:si,Duchas:si,Vaciado:si),,,
POINT (1.58873 42.53544 0.0),Encamp  Gratuito: no, Agua: si, Wc: no,,,,,
POINT (-2.4727 48.62166 0.0),Erquy  Gratuito: 4e, Agua: pagando, WC: No,,,,,
POINT (-1.7773 42.71085 0.0),Estacion de servicio de Legarda (A-12)  Gratuito, Agua: si (de pago), Wc: si, area de descanso en autovia,,,,
POINT (0.43926 42.79635 0.0),Estacion esqui Peyragudes (sector Peyresourde)  Gratuito Si, Agua No, WC Si,,,,,
POINT (-4.37073 43.03812 0.0),Estacion Invernal Alto Campoo  (Gratuito,Agua:si,WC:si,Vaciado:si,Elec:no),,,
POINT (10.32481 49.16217 0.0),Feuchtwangen  (Gratuito,Agua:no,Wc:no),,,,,
POINT (2.22206 41.41314 0.0),Forum Barcelona  gratuito: no, agua:si, wc:si,,,,,
POINT (-6.81725 41.08846 0.0),Freixo de Espada a Cinta  (Gratuito,Agua:si,Wc:no,Vaciado:si,Elec:no),,,
POINT (4.86345 51.70358 0.0),Geertruidenberg  (10 euros,Agua:si,vaciado:si,WC:si, electric,si, duchas:si, wifi:si)
POINT (2.22168 42.52303 0.0),Gorgues de Caranca  (9eur, Agua:si,Vaciado:si,Elect:no,Wc:no),,,
POINT (-0.32885 42.95668 0.0),Gourette (Estacion de Esqui Alpino)  Gratuito ?, Agua No, WC No,,,,,
POINT (13.69942 66.72461 0.0),Holand SkjerstÃ¸en  Gratutito, Agua: si, Wc: si, Grises: si, Elec: si,,,
POINT (-5.90537 43.24798 0.0),Hotel Mirador del Angliru  (5eur/noche,Agua:si,Wc:no,Vaciado:si(3eur),Elect:no),,,
POINT (5.86018 45.65341 0.0),Ile aux Cygnes (Le Bourget du Lac)  Gratuito: No, Pernocta: Si Agua: Si WC:si,,,,,,
POINT (0.88521 44.10563 0.0),L Abattoir Public (Valence d Agen)    (5 euros,Agua:si,vaciado:si,WC:si, electric.:si, Ducha: si),,
POINT (-1.51697 43.52636 0.0),La Barre (Anglet)  Gratuto: no (6 eur/noche), Agua: si, Wc: si, Grises:si, Negras: si: Elect: no,,,
POINT (-2.04974 47.09514 0.0),La boutinardiere  Gratuito: 4e, Agua: pagando, WC: Si,,,,,
POINT (1.29907 46.03356 0.0),Lac de Saint Pardoux  (Gratuito,Agua:si,Wc:si,Vaciado:si,Elec:no),,,
POINT (-1.16871 45.00618 0.0),LACANAU-OCEAN  9eur dia, Agua Si WC No,,,,,,
POINT (-7.55564 43.2399 0.0),Lagoa de Cospeito  Agua: Si   WC: No    Gratuito: Si,,,,,,,
POINT (-1.06557 41.73708 0.0),Las Postas de La Joyosa  Gratuito,Agua:si, Wc:si,gasolinera con parking vigilado,,,,
POINT (-1.34787 47.31979 0.0),Le Cellier  Gratuito, Agua: si, Wc: si, Grises: si, negras: si, Electr: no,,
POINT (1.68838 42.78471 0.0),Les Cabannes  Gratuito: no (4 eur/noche), Agua: Si (de pago), Wc: Si, Electricidad: si,,,,
POINT (0.4109 42.80155 0.0),Les Seguettes (Loudenvielle)  (Gratuito,Agua:si,Wc:no,Vaciado:si,Elec:si),,,
POINT (1.89973 44.78422 0.0),Leyme  (Gratuito,Agua:si,Wc:no),,,,,
POINT (0.40844 42.79672 0.0),Loudenvielle-BALNEA (centro termoludico)  3eur dia, Agua Si, WC ?,,,,,
POINT (9.33364 42.81105 0.0),Marine d Albo  7 euros/24 h.Agua: Si 3 euros/100l, WC: si, Ducha: Si 2 euros,,,,,
POINT (-8.58099 42.84532 0.0),Milladoiro  Gratuito: Si, Pernocta: Si, WC: No, Agua: Si,,,,
POINT (3.0824 44.09492 0.0),Millau  (10eur/noche,Agua:si,Wc:si,Elect:si),,,,
POINT (-7.51178 42.52787 0.0),Monforte de Lemos  Gratuito: Si , Pernocta: Si,,,,,,
POINT (2.49686 44.70806 0.0),Montsalvy  Gratuito: si, Agua: si, Wc: si,,,,,
POINT (-1.50788 48.6123 0.0),Mt St Michel (La Caserne)  (28eur/24h,Agua:no,Wc:no,Elect:no),,,,
POINT (11.75636 50.75566 0.0),Neustadt an der Orla   (Gratuito,Agua:si,Wc:no,Vaciado:si,Elec:si),,,
POINT (15.97696 58.50749 0.0),Norsholm  Tarifa: 20 eur/noche, Agua: si, Wc: si, Ducha: si, Elec: si,,,
POINT (-2.17146 48.02292 0.0),Paimpont (Area Autocaravanas)  (4 euros, Agua:3,50 euros, vaciado:si,WC: no, electric,no, wifi: si)
POINT (-4.05689 40.92898 0.0),Palazuelos de Eresma  Gratuito: si, Agua: Si, WC: no,,,,,
POINT (1.73344 42.54538 0.0),Parking Bullidor (Pas de la Casa)  Gratuito: no (1.10 eur/noche), Agua: si, Wc: no,,,,,
POINT (-8.77067 40.54961 0.0),Parque acuatico Vaga Splash  (Gratuito,Agua:si(2.5eur),Wc:si,Vaciado:si,Electr:si),,,
POINT (24.82099 63.23693 0.0),Parque Nacional Salamajarvi  Gratuito, Agua: si, Wc: si,,,,,
POINT (-1.01969 44.6403 0.0),Parque ornitologico de Le Teich  (Gratuito,Agua:si,Wc:si,Vaciado:si,Elec:?),,,
POINT (-4.68193 41.29165 0.0),Parque tematico del Mudejar (Olmedo)  (Gratuito,Agua:si,Wc:no,Vaciado:si,Elec:?),,,
POINT (-0.08362 38.56002 0.0),Pista Central Tenis Benidorm  Tarifa: 12 eur/noche, Agua: si, Wc: si, Grises: si, Elec: si,,,
POINT (-0.61941 42.90977 0.0),Plateau de Lhers  (Tarifa:7eur,Agua:si,Wc:no,Vaciado:si,Elect:si,duchas:si),,
POINT (-1.48635 43.57624 0.0),Playa de Ondres  Gratuito: no, Agua: si, Wc: si,,,,,
POINT (-3.74346 47.8539 0.0),Pont Aven  Gratuito: Si, Agua: Pagando, WC: No,,,,,
POINT (-8.49938 42.38884 0.0),Pontecaldelas  Gratuito, Agua: si, Grises: si, Negras: si, Wc: no, Elect: no,,
POINT (-3.13681 47.48831 0.0),Port Kerne (Quiberon)  Gratuito: no (5 eur/noche), Agua: si, Wc: no,,,,,
POINT (3.04088 43.01348 0.0),Port La Nouvelle  (7eur/noche,Agua:si(pagando),Wc:no),,,,,
POINT (-5.96265 38.96591 0.0),Puente medieval de Medellin  (Gratuito,Agua:si,vaciado:si,WC:no, electric,no),,
POINT (12.44485 43.93504 0.0),Republica de San Marino  Gratuito: Si, Agua: No , WC: no,,,,,
POINT (0.04478 45.58037 0.0),Roullet-Saint-Estephe  Gratuito, Agua: si, Wc: no,,,,,
POINT (-1.36278 48.41111 0.0),Saint Brice en Cogles   Gratuito: si, Agua: si, Wc: si,,,,,
POINT (3.09823 45.03578 0.0),Saint Flour  Gratuito, Agua: si (2 eur), Wc: no,,,,,
POINT (-1.36506 46.19932 0.0),Saint Martin de Re  (Tarifa:10eur/noche,Agua:si,Wc:no,Vaciado:si,Elect:?),,,
POINT (-3.97073 48.68265 0.0),Saint Pol de Leon  (5 euros,Agua:si 2 euros,vaciado:si,WC:si, electric: si 2 euros),,,
POINT (0.80508 44.39669 0.0),Saint Sylvestre sur Lot  (Gratuito,Agua:si,Wc:si,Vaciado:si,Electr:?)),,,
POINT (-3.13893 47.51153 0.0),Salle Omnisports Saint-Pierre-Quiberon  Gratuito, Agua: si (2 eur), Wc: no, Grises: si, Negras: si, Elect: no,,
POINT (7.74772 43.80279 0.0),San Remo  Gratuito: no (10 eur/noche), Agua: si, Wc: no,,,,,
POINT (1.49422 42.46602 0.0),Sant Julia de Loria  (Gratuito:?,Agua:si,Wc:no,Vaciado:si,Elec:?),,,
POINT (-1.38419 46.02827 0.0),St Denis - Ile d oleron  Gratuito: 9e, Agua: pagando, WC: Si,,,,,
POINT (-1.43666 46.35049 0.0),Stade Municipal (La Tranche sur Mer)  (Precio:7eur/24h,Agua:si,Wc:no,Vaciado:si,Elec:no),,,
POINT (9.67794 40.0834 0.0),Su Porteddu  (8eur/noche,Agua:si,WC:si,Electricidad:si),,,,
POINT (3.48255 45.86873 0.0),Thiers (iloa)  Agua: Si, Wc: Si, Luz: No, Gratuito: Si,,,,
POINT (5.88781 48.67925 0.0),Toul  (Gratuito,Agua:si,Wc:no,Vaciado:si,elect:?),,,
POINT (6.44211 43.78299 0.0),Trigance (Provenza) Area ACs  Gratuito: Depende de la epoca del aÃ±o Pernocta: si WC: Si Agua:si,,,,,,,
POINT (-8.6465 42.04335 0.0),Tuy  Gratuito: si Pernocta: si WC: no Agua:si,,,,,,,
POINT (0.15556 40.87389 0.0),Valderrobres  Gratuito: Si  Agua potable: Si WC: No Sumidero de grises: Si Sumidero de negras: Si Electricidad: No,,,,,,,
POINT (-6.75165 37.58107 0.0),Valverde del Camino  Gratuito Si, Agua Si, WC No,,,,,
POINT (5.36963 44.89777 0.0),Vassieux-en-Vercors  Gratuito, Agua: si,Wc: no, Grises: si, Negras: no, Elec: no,,
POINT (-2.60865 37.55425 0.0),Venta del Peral  (Gratuito,Agua:si,Wc:si,Vaciado:si,Elect:no),,,
